Ac2O3,actinium(III) oxide
AgBF4,Silver tetrafluoroborate
AgBr,silver bromide
AgBrO,silver hypobromite
AgBrO2,silver bromite
AgBrO3,silver bromate
AgBrO4,silver perbromate
AgCl,silver chloride
AgCl3Cu2,dicopper silver trichloride
AgClO3,silver chlorate
AgClO4,silver perchlorate
AgCN,silver cyanide
AgCNO,silver fulminate
AgF,silver fluoride
AgF2,silver(II) fluoride
AgI,silver iodide
AgIO,silver hypoiodite
AgIO2,silver iodite
AgIO3,silver iodate
AgIO4,silver periodate
AgMnO4,silver permanganate
AgN3,silver azide
AgNO3,silver nitrate
AgO,silver monoxide
AgONC,silver cyanate
AgPF6,silver hexafluorophosphate
AgSNC,silver thiocyanate
Ag2C2,silver acetylide
Ag2CO3,silver(I) carbonate
Ag2C2O4,silver oxalate
Ag2Cl2,silver(II) dichloride
Ag2CrO4,silver chromate
Ag2Cr2O7,silver dichromate
Ag2F,silver subfluoride
Ag2MoO4,silver molybdate
Ag2O,silver(I) oxide
Ag2S,silver sulfide
Ag2SO4,silver sulfate
Ag2Se,silver selenide
Ag2SeO3,silver selenite
Ag2SeO4,silver selenate
Ag2Te,silver(I) telluride
Ag3Br2,silver dibromide
Ag3Br3,silver tribromide
Ag3Cl3,silver(III) trichloride
Ag3I3,silver(III) triiodide
Ag3PO4,silver phosphate
AlBO3,aluminium borate
AlBr,aluminium monobromide
AlBr3,aluminium tribromide
AlCl,aluminium monochloride
AlClF,aluminium chloride fluoride
AlCl2<F,aluminium chloride fluoride
AlClO,aluminium chloride oxide
AlCl2H,dichloroalumane
AlCl3,aluminium chloride
AlCl2F,aluminium chloride fluoride
AlCl3,aluminium trichloride
AlCl4Cs,aluminium caesium tetrachloride
AlCl4K,potassium tetrachloroaluminate
AlCl4Na,sodium tetrachloroaluminate
AlCl4Rb,rubidium tetrachloroaluminate
AlCl6K3,potassium hexachloroaluminate
AlCl6Na3,sodium hexachloroaluminate
AlCo,Alumanylidynecobalt
AlF,aluminium monofluoride
AlFO,aluminium monofluoride monoxide
AlF2,aluminium difluoride
AlF2O,aluminium difluoride oxide
AlF3,aluminium trifluoride
AlF4K,potassium tetrafluoroaluminate
AlF4Li,lithium tetrafluoroaluminate
AlF6K3,potassium hexafluoraluminate
AlF6Li3,lithium hexafluoroaluminate
AlF6Na3,cryolite
AlGaInP,aluminium-gallium-indium phosphide
AlH3,aluminium hydride
AlH4-,alumanuide ion
Al(OH)3,aluminium hydroxide
AlI,aluminium monoiodide
AlI3,aluminium triiodide
AlLiO2,lithium aluminate
AlN,aluminium nitride
Al(NO2)3,aluminium nitrite
Al(NO3)3,aluminium nitrate
AlNaO2,sodium aluminate
AlO,aluminium monoxide
AlOSi,aluminium silicon monoxide
AlO2,aluminium(IV) oxide
AlP,aluminium monophosphide
AlPO4,aluminium phosphate
AlTe,aluminium monotelluride
AlTe2,monoaluminium ditelluride
Al2BeO4,beryllium aluminium oxide
Al2Br6,dialuminium hexabromide
Al2(CO3)3,aluminium carbonate
Al2Cl9K3,potassium aluminium chloride
Al2CoO4,cobalt blue
Al2F6,aluminium fluoride
Al2I6,aluminium iodide
Al2MgO4,magnesium aluminium oxide
Al2O,dialuminium monoxide
Al2O2,dialuminium dioxide
Al2O3,aluminium oxide
Al2O5Si,aluminium silicate
Al2SiO5,andalusite
Al2O7Si2,metakaolinite
Al2S,dialuminium monosulfide
Al2S3,aluminium sulfide
Al2(SO4)3,aluminium sulphate
Al2Se,dialuminium selenide
Al2Si2O5(OH)4,kaolin
Al2Te,dialuminium telluride
Al3F14Na5,chiolite
Al4C3,aluminium carbide
Al6BeO10,beryllium aluminium oxide
Al6O13Si2,mullite
ArClF,argon chloride fluoride
ArClH,argon chloride hydride
ArFH,argon fluoride hydride
AsBrO,arsenic oxybromide
AsBr3,arsenic tribromide
AsClO,arsenic monoxide monochloride
AsCl3,arsenic trichloride
AsCl3O,arsenic oxychloride
AsCl4F,arsenic tetrachloride fluoride
AsF3,arsenic trifluoride
AsF5,arsenic pentafluoride
AsH3,arsine
AsI3,arsenic triiodide
AsO,arsenic monoxide
AsO2,arsenic dioxide
AsP,arsenic monophosphide
AsP3,arsenic triphosphide
AsTl,thallium arsenide
As2I4,arsenic diiodide
As2O3,arsenic trioxide
As2P2,arsenic diphosphide
As2O5,arsenic pentoxide
As2S4,arsenic tetrasulfide
As2S5,arsenic pentasulfide
As2Se,arsenic hemiselenide
As2Se3,arsenic triselenide
As2Se5,arsenic pentaselenide
As3O4,arsenic tetraoxide
As3P,arsenic(III) phosphide
As4O3,tetraarsenic trioxide
As4O5,tetraarsenic pentaoxide
As4S3,dimorphite
As4S4,realgar
AuB,Borylgold
AuBO,gold monoboride monoxide
AuBr,gold bromide
AuBr3,gold tribromide
AuCN,gold cyanide
AuCl,gold chloride
AuCl3,gold trichloride
AuF3,gold trifluoride
AuI,gold iodide
AuI3,gold(III) iodide
Au(OH)3,gold hydroxide
AuTe,gold telluride
Au2O3,gold trioxide
Au2S,gold sulfide
Au2S3,gold trisulfide
Au2(SeO4)3,gold triselenate
Au2Se3,gold triselenide
BAs,boron arsenide
BBr3,boron tribromide
BCl3,boron trichloride
BF3,boron trifluoride
BH3,borane
BH4-,borohydride ion
BH6N,ammonia borane
BI3,boron triiodide
BN,boron nitride
B(NO3)3,boron nitrate
B(OH)3,boric acid
BO33-,orthoborate ion
BP,boron phosphide
BPO4,boron phosphate
B2Cl4,diboron tetrachloride
B2F4,diboron tetrafluoride
B2H6,diborane
B2Mg,magnesium boride
B2O3,Diboron trioxide
B2S3,Diboron trisulfide
B2Se3,Diboron triselenide
B3N3H6,borazine
B4C,boron carbide
B4CaO7,colemanite
B4H20Na2O17,borax
Ba(AlO2)2,barium aluminate
Ba(AsO3)2,barium arsenite
Ba(AsO4)2,barium arsenate
BaB6,barium hexaboride
Ba(BrO3)2·H2O,barium bromate monohydrate
Ba(BrO3)2·2H2O,barium bromate dihydrate
BaBr2,barium bromide
Ba(BrO)2,barium hypobromite
Ba(BrO2)2,barium bromite
Ba(BrO3)2,barium bromate
Ba(BrO4)2,barium perbromate
Ba(CHO2)2,barium formate
Ba(C2H3O2)2,barium acetate
Ba(CN)2,barium cyanide
BaHfO3,barium hafnate
BaHgI4,barium tetraiodomercurate(II)
Ba(HS)2,barium hydrosulfide
BaI2,barium iodide
Ba(IO)2,barium hypoiodite
Ba(IO2)2,barium iodite
Ba(IO3)2,barium iodate
Ba(IO4)2,barium periodate
BaK2(CrO4)2,barium potassium chromate
BaMnO4,barium manganate
Ba(MnO4)2,barium permanganate
BaMoO4,barium molybdate
BaN6,barium azide
Ba(NO2)2,barium nitrite
Ba(NO3)2,barium nitrate
Ba(NbO3)2,barium niobate
BaNb2O6,barium metaniobate
BaO,barium oxide
Ba(OH)2,barium hydroxide baryta
BaO2,barium peroxide
Ba(PO3)2,barium metaphosphate
BaS,barium sulfide
Ba(SCN)2,barium thiocyanate
BaS2O3,barium thiosulfate
BaSiF6,barium hexafluorosilicate
BaSO3,barium sulfite
BaSO4,barium sulfate barite
BaSe,barium selenide
Ba(SeCN)2,barium selenocyanate
BaSeO3,barium selenite
BaSeO4,barium selenate
BaSiO3,barium metasilicate
BaSi2,barium silicide
BaSi2O5,barium disilicate
BaSnO3,barium stannate
BaTeO3,barium tellurite
BaTeO4·3H2O,barium tellurate trihydrate
BaTiO3,barium titanate barium metatitanate
BaU2O7,barium uranium oxide
BaWO4,barium tungstate
BaZrO3,barium zirconate
Ba2Na(NbO3)5,barium sodium niobate
Ba2P2O7,barium pyrophosphate
Ba2V2O7,barium pyrovanadate
Ba2XeO6,barium perxenate
Ba3(CrO4)2,barium chromate(V)
Ba3N2,barium nitride
Ba3(PO4)2,barium orthophosphate
Ba3(VO4)2,barium orthovandate
BeB2,beryllium boride
Be(BH4)2,beryllium borohydride
BeBr2,beryllium bromide
Be(CHO2)2,beryllium formate
BeCO3,beryllium carbonate
Be(C2H3O2)2,beryllium acetate
Be(C5H7O2)2,beryllium acetylacetonate
BeCl2,beryllium chloride
Be(ClO)2,beryllium hypochlorite
Be(ClO3)2,beryllium chlorate
Be(ClO4)2,beryllium perchlorate
BeF2,beryllium fluoride
BeI2,beryllium iodide
Be(NO2)2,beryllium nitrite
Be(NO3)2,beryllium nitrate
BeO,beryllium oxide bromellite
Be(OH)2,beryllium hydroxide
BeS,beryllium sulfide
BeSO3,beryllium sulfite
BeSO4,beryllium sulfate
Be2C,beryllium carbide
Be3Al2(SiO3)6,beryl
Be3N2,beryllium nitride
BiBO3,bismuth(III) orthoborate
BiBr3,bismuth(III) bromide
Bi(C2H3O2)3,bismuth(III) acetate
BiC6H5O7,bismuth(III) citrate
BiCl3,bismuth(III) chloride
BiF3,bismuth(III) fluoride
BiI3,bismuth(III) iodide
Bi(NO3)3·5H2O,bismuth(III) nitrate pentahydrate
BiOCl,bismuth(III) oxychloride
BiOI,bismuth(III) oxyiodide
(BiO)2CO3,bismuth oxycarbonate
BiPO4,bismuth(III) orthophosphate
Bi(VO3)5,bismuth(III) metavanadate
Bi2Se3,bismuth(III) selenide bismuth selenide
Bi2(MoO4)3,bismuth(III) molybdate
Bi2O3,bismuth(III) oxide
Bi2S3,bismuth(III) sulfide bismuthinite
Bi2Se3,bismuth(III) selenide
BrCl,bromine chloride
BrCl3,bromine trichloride
BrCl5,bromine pentachloride
BrF,bromine monofluoride bromine fluoride
BrF3,bromine trifluoride
BrF5,bromine pentafluoride
BrI,iodine monobromide
BrO3−,bromate ion
Br2,bromine
Br2O5,dibromine pentoxide
Br3-,Tribromide
CAgO,carbonylsilver
CCl2F2,dichlorodifluoromethane freon-12
CCl4,carbon tetrachloride tetrachloromethane
C(CN)4,tetracyanomethane
CFCl3,freon-11
CFCl2CF2Cl,freon-13
CHCl3,chloroform trichloromethane methyl trichloride
CHClF2,chlorodifluoromethane
CH(CN)3,cyanoform
CHNO,isocyanic acid
CHN3O6,trinitromethane
CHO2−,formate ion
CH2,methylene
CH2Ag,carbene silver
CH2CHCHCH2,"1,3-butadiene"
CH2CO,ketene
CH2CHOH,ethenol
CH2ClCOOH,chloroacetic acid
CH2Cl2,dichloromethane
CH2ClF,chlorofluoromethane
CH2(CN)2,malononitrile
CH2O,formaldehyde
CH2(OH)2,methanediol
CH2OHCH2OH,ethylene glycol
CH3CCH,propyne
CH3CdCH3,dimethylcadmium
CH3CHCHCH3,2-butene
CH3CHCH2,propene
CH3CHO,acetaldehyde
CH3CH2Br,bromoethane
CH3CH2CH2CH2OH,butan-1-ol
CH3CH2CH2OH,1-propanol propan-1-ol
CH3CH2CONH2,propanamide
CH3CH2COOH,propionic acid
CH3CH2OCH2CH3,diethyl ether ethoxyethane
CH3CH2OH,ethanol
CH3(CH2)16COOH,stearic acid
CH3CN,acetonitrile
CH3COCH3,acetone
CH3COOCH3,methyl acetate
CH3COCl,acetyl chloride
CH3CONH2,acetamide ethanamide
CH3COO−,acetate ion
CH3COOCHCH2,vinyl acetate
CH3COOCH2C6H5,benzyl acetate
CH3COO(CH2)2CH(CH3)2,isoamyl acetate
CH3COOH,acetic acid ethanoic acid
CH3COONa,sodium acetate
CH3COOK,potassium acetate
CH3COORb,rubidium acetate
CH3COOCs,caesium acetate
(CH3CO)2O,acetic anhydride
CH3Cl,chloromethane methyl chloride
CH3HgCH3,dimethylmercury
CH3I,iodomethane methyl iodide
CH3OCH3,dimethyl ether
CH3NH2,methylamine
CH3NO,oxaziridine
CH3OCs,caesium methoxide
CH3OH,methanol
CH3OK,potassium methoxide
CH3OLi,lithium methoxide
CH3ONa,sodium methoxide
CH3ORb,rubidium methoxide
CH3SCH3,dimethyl sulfide DMS
CH3SH,methanethiol
(CH3)2CHOH,isopropyl alcohol 2-propanol propan-2-ol isopropanol
(CH3)2CO,acetone
(CH3)2C2O4,dimethyl oxalate
(CH3)2NNH2,dimethyl hydrazine
(CH3)2NH,dimethylamine
(CH3)2S+CH2CH2COO−,dimethylsulfoniopropionate DMSP
(CH3)3CCl,t-butyl chloride
(CH)3COH,t-butyl alcohol
(CH3)3COOC(CH3)3,di-t-butyl peroxide DTBP
(CH3)3N,trimethylamine
CH4,methane natural gas
CH4N2O2,hydroxycarbamide
CH5N3,Guanidine
CN−,cyanide ion
(CN)2,cyanogen
C(NH2)3NO3,guanidine nitrate
CNO−,cyanate ion
CO,carbon monoxide
COCl2,phosgene
CO2,carbon dioxide
CO3,carbon trioxide
CO32−,carbonate ion
CS2,carbon disulfide
C2F4,tetrafluoroethylene
C2H2,acetylene
C2H2O2,glyoxal
C2H3Cl,vinyl chloride
C2H3NO,glycolonitrile
C2H3O2−,acetate ion
C2H4,ethylene
C2H4Cl2,ethylene dichloride
C2H4N4,"3-amino-1,2,4-triazole"
C2H4O,ethylene oxide
C2H4O2,acetic acid
C2H5Br,bromoethane
C2H5NH2,ethylamine
C2H5NO2,glycine Gly
C2H5O−,ethoxide ion
C2H5OH,ethanol ethyl alcohol
(C2H5)2NH,diethylamine
C2H5OCs,caesium ethoxide
C2H5OK,potassium ethoxide
C2H5ONa,sodium ethoxide
C2H5ORb,rubidium ethoxide
C2H6,ethane
C2H6OS,dimethyl sulfoxide DMSO
C2H7NO,ethanolamine
C2H7NO2,ammonium acetate
C2H7NO3S,taurine
C2O42−,oxalate ion
CH3ClO4,Methyl perchlorate
C3H3Cl3,"1,1,3-Trichloropropene"
C3H3O4−,malonate ion
C3HN,cyanopolyyne
C3H3Cl3,"1,1,3-Trichloropropene"
C3H3N,azete
C3H4,Propadiene
C3H4N2,imidazole
C3H4N2S,aminothiazole
C3H4O3,pyruvic acid
C3H4O4,malonic acid
C3H5NO,acrylamide
C3H5N3,3-amino-1H-pyrazole
C3H5N3O9,nitroglycerine
C3H6,cyclopropane
C3H6,propylene
C3H6O2,ethyl formate
C3H6O2S,2-Mercaptopropionic acid
C3H6O2S,3-Mercaptopropionic acid
C3H7N,azetidine
C3H7N3,n-Propyl azide
C3H7NO2,α-alanine
C3H7NO2,β-alanine
C3H7NO2S,cysteine Cys
C3H7NO3,serine Ser
C3H7P,Phosphetane
C3H8,propane
C3H8NO5P,glyphosate
C3H8O,propanol 1-propanol
C3H8O,2-propanol
C3H8O2,propylene glycol
C3H8O2,"1,3-propanediol"
C3H8O3,glycerol
C3H9N3,"1,3,5-triazinane"
C3N3(OH)3,cyanuric acid
C3N12,cyanuric triazide
C4HCl2FN2,"2,6-dichloro-5-fluoroacil"
C4H2,diacetylene
C4I2,diiodobutadiyne
C4H2BrClN2,5-bromo-2-chloropyrimidine
C4H2Cl2N2,"2,4-dichloropyrimidine"
C4H2Cl2N2,"4,6-dichloropyrimidine"
C4H3Cl2N3,"2-amino-4,6-dichloropyrimidine"
C4H3FN2O2,fluorouracil
C4H4,vinylacetylene
C4H4FN3O,flucytosine
C4H4N2O2,uracil
C4H4N4,diaminomaleonitrile
C4H4N4,3-aminopyrazole-4-carbonitrile
C4H4N4,"1,3,5,7-tetrazocine"
C4H4O,furan
C4H5FO2,Methyl 2-fluoroacrylate
C4H5N3O,cytosine
C4H6N2,fomepizole
C4H6N2,1-methylimidazole
C4H6N2,4-methylimidazole
C4H6N2S,methimazole
C4H6N2S,2-amino-4-methylthiazole
C4H6N4O,"2,4-diamino-6-hydroxypyrimidine"
C4H6O2,"1,4-Butynediol"
C4H6O2,gamma-Butyrolactone
C4H6O2,crotonic acid
C4H6O2,diacetyl
C4H6O2,diepoxybutane
C4H6O2,"1,4-Dioxene"
C4H6O2,isocrotonic acid
C4H6O2,methacrylic acid
C4H6O2,methyl acrylate
C4H6O2,succinaldehyde
C4H6O2,vinyl acetate
C4H6O3,propylene carbonate
C4H6O4,succinic acid
C4H7BrO2,2-bromobutyric acid
C4H7BrO2,4-bromobutyric acid
C4H7BrO2,α-bromoisobutyric acid
C4H7BrO2,ethyl bromoacetate
C4H7KO3,potassium oxybate
C4H7NaO3,sodium oxybate
(C4H7NO)n,Poly(N-vinylacetamide)
C4H7NO2,1-Aminocyclopropanecarboxylic acid
C4H7NO3,aceturic acid
C4H7NO4,aspartic acid Asp
C4H8,cyclobutane
C4H8N2O3,asparagine Asn
C4H8O,tetrahydrofuran THF
C4H8O2,ethyl acetate
C4H8O3,gamma-Hydroxybutyric acid
C4H9ClHg,n-Butylmercuric chloride
C4H9Li,n-butyllithium
C4H9NO2,γ-aminobutyric acid
C4H9NO3,threonine Thr
C4H9Na,n-Butylsodium
C4H9OH,butyl alcohol
C4H10,butane
C4H10,2-methylpropane
C4H10O,diethyl ether
C4H10O2,"1,2-Butanediol"
C4H10O2,"1,3-Butanediol"
C4H10O2,"1,4-Butanediol"
C4H10O2,"2,3-Butanediol"
C4H10O2,tert-Butyl hydroperoxide
C4H10O2,Dimethoxyethane
C4H10O2,2-Ethoxyethanol
C4H10O2,1-Methoxy-2-propanol
C4H10O3,diethylene glycol
C4H11NO2,diethanolamine
C5H3BrN2O2,2-bromo-5-nitropyridine
C5H3Br2N,"3,5-dibromopyridine"
C5H3ClN2O2,2-chloro-5-nitropyridine
C5H3ClN4,6-chloropurine
C5H4NCOOH,niacin
C5H4N2O2,pyrazinoic acid
C5H4N2O4,orotic acid
C5H4N4O,allopurinol
C5H4N4O,hypoxanthine
C5H4N4O2,xanthine
C5H4N4S,mercaptopurine
C5H4O,cyclopentadienone
C5H4O2,furfural
C5H4O2S,b-thiophenic acid
C5H5−,cyclopentadienyl anion
C5H5BrN2,2-amino-5-bromopyridine
C5H5ClN2,2-amino-4-chloropyridine
C5H5ClN2,2-amino-5-chloropyridine
C5H5ClN2,4-amino-2-chloropyridine
C5H5IN2,2-amino-5-iodopyridine
C5H5N,pyridine
C5H5NO,2-pyridone
C5H5NO,3-pyridinol
C5H5N3O,pyrazinamide
C5H5N3O2,2-amino-nitropyridine
C5H5N5,adenine
C5H5N5O,guanine
C5H6BNO2,3-pyridinylboronic acid
C5H6N2,"1,2-diazepine"
C5H6N2,"1,3-diazepine"
C5H6N2,"1,4-diazepine"
C5H6N2,1-vinylimidazole
C5H6N2,2-aminopyridine
C5H6N2,3-aminopyridine
C5H6N2,4-aminopyridine
C5H6N2,glutaronitrile
C5H6N2OS,methylthiouracil
C5H6N2O2,thymine
C5H6O,cyclopentenone
C5H6O5,α-Ketoglutaric acid
C5H7N3,"3,4-diaminopyridine"
C5H8O2,gamma-Valerolactone
C5H9NO,3-Dimethylaminoacrolein
C5H9NO2,allylglycine
C5H9NO2,proline Pro
C5H9NO4,glutamic acid Glu
C5H10,cyclopentane
C5H10N2O3,glutamine Gln
C5H10O2,pivalic acid
C5H10O2,valeric acid
C5H10O2,3-Methylbutanoic acid
C5H10O4,deoxyribose
C5H11NO2,valine Val
C5H11NO2S,methionine Met
C5H12,pentane
C5H12O2,neopentyl glycol
C5H12O4,pentaerythritol
C5H12O5,xylitol
C5H13N,"N,N-diethylmethylamine"
C6F5COOH,pentafluorobenzoic acid
C6H2Cl3NO,"2,6-Dichloroquinone-4-chloroimideGibbs reagent"
C6H3Br3O,"2,4,6-Tribromophenol"
C6H3Cl3O,"2,4,6-Trichlorophenol"
C6H4BrNO2,5-bromonicotinic acid
C6H4ClNO2,2-chloronicotinic acid
C6H4ClN3,4-Chlorophenyl azide
C6H4ClNO2,6-chloro-2-pyridinecarboxylic acid
C6H4ClNO2,6-chloronicotinic acid
C6H4N4,tricyanoaminopropene
C6H4O2,orthobenzoquinone
C6H4O2,parabenzoquinone quinone
C6H5Br,bromobenzene
C6H5CHO,benzaldehyde
C6H5CH2OH,benzyl alcohol
C6H5Cl,chlorobenzene
C6H5COCl,benzoyl chloride
C6H5COO−,benzoate ion
C6H5COOH,benzoic acid
C6H5F,fluorobenzene
C6H5I,iodobenzene
C6H5NO2,picolinic acid
C6H5NO3,4-nitrophenol
C6H5NO3,6-hydroxyniacin
C6H5OH,phenol
C6H5O73−,citrate ion
C6H5NO4,Citrazinic acid
(C6H5)4Ge,tetraphenylgermane
(C6H5)2O,diphenyl ether
(C6H5)3N,triphenylamine
(C6H5)3P,triphenylphosphine
C6H6,benzene
C6H6BClO2,4-chlorophenylboronic acid
C6H6BFO2,4-fluorophenylboronic acid
C6H6ClN,2-Chloromethylpyridine
C6H6IN,4-iodoaniline
C6H6N2O,nicotinamide
C6H6N2O2,6-aminonicotinic acid
C6H6N4,"2,2',2-Nitrilotriacetonitrile"
C6H6O,phenol
C6H6O2,catechol
C6H6O2,hydroquinone
C6H6O2,resorcinol
C6H6O3,hydroxymethylfurfural
C6H7BO2,phenylboronic acid
C6H7CsO6,caesium ascorbate
C6H7KO6,potassium ascorbate
C6H7KO6,Potassium erythorbate
C6H7LiO6,lithium ascorbate
C6H7N3O,isoniazid
C6H7NaO6,sodium ascorbate
C6H7RbO6,rubidium ascorbate
C6H8N2,2-amino-3-methylpyridine
C6H8N2,2-amino-4-methylpyridine
C6H8N2,2-amino-5-methylpyridine
C6H8N2,2-amino-6-methylpyridine
C6H8N2O2S,ethyl 2-aminothiazole-4-carboxylate
C6H8N2O2S,sulfanilamide
C6H8O7,citric acid
C6H9N3O2,histidine His
C6H9N3O2,ethyl 5-amino-1H-pyrazole-4-carboxylate
C6H9N3O3,metronidazole
C6H10O2,(2R)-2-Methylpent-4-enoic acid
C6H10O3,4-acetylbutyric acid
C6H10O3,butyl glyoxylate
C6H10O3,ethyl acetoacetate
C6H10O3,2-hydroxypropyl acrylate
C6H10O3,pantolactone
C6H10O3,propyl pyruvate
C6H10O4,aceburic acid
C6H10O4,adipic acid
C6H10O4,conduritol
C6H10O4,dianhydrohexitol
C6H10O4,ethylidene diacetate
C6H10O4,glucal
C6H11NO2,cycloleucine
C6H11NO2,pipecolic acid
C6H12,cyclohexane
C6H12N4O3,Streptolidine
C6H12OS,4-Mercapto-4-methyl-2-pentanone
C6H12O3,4-Hydroxy-4-methylpentanoic acid
C6H12O6,fructose
C6H12O6,glucose
C6H13NO,N-ethylmorpholine
C6H13NO2,aminocaproic acid
C6H13NO2,isoleucine Ile
C6H13NO2,leucine Leu
C6H14,hexane
C6H14N2O2,lysine Lys
C6H14N2O2,N-Methylornithine
C6H14N4O2,arginine Arg
C6H14O2,"1,6-hexanediol"
C6H14O3,dipropylene glycol
C6H14O3,trimethylolpropane
C6H14O4,triethylene glycol
C6H15NO3,triethanolamine
C6H7N3O3,2-Oxohistidine
C6N4,tetracyanoethylene
C7H4ClFO,2-Chloro-6-fluorobenzaldehyde
C7H5BrO,3-Bromobenzaldehyde
C7H5Br3O,"2,4,6-tribromoanisole"
C7H5Cl2NS,Chlorthiamide
C7H5Cl3O,"2,4,6-trichloroanisole"
C7H5F3O,"2,4,6-trifluoroanisole"
C7H5FO2,2-fluorobenzoic acid
C7H5FO2,3-Fluorobenzoic acid
C7H5FO2,4-fluorobenzoic acid
C7H5NO4,quinolinic acid
C7H5NO4,dipicolinic acid
C7H5NS2,2-mercaptobenzothiazole
C7H5N3O2,7-nitroindazole
C7H6ClF,2-Chloro-6-fluorotoluene
C7H6N2,7-azaindole
C7H6N2,Benzimidazole
C7H6O,tropone
C7H6O2,benzoic acid
C7H6O2,4-hydroxybenzaldehyde
C7H6O3,salicylic acid
C7H6O3,4-hydroxybenzoic acid
C7H6O4,protocatechuic acid
C7H6O4,"2,3-dihydroxybenzoic acid"
C7H6O5,gallic acid
C7H7BO4,4-carboxyphenylboronic acid
C7H7NO2,4-aminobenzoic acid
C7H7NO2,Homarine
C7H7NO3,mesalazine
C7H7N3,benomyl metabolite
C7H8,toluene
C7H8ClN3O4S2,hydrochlorothiazide
C7H8N4O2,theophylline
C7H8N4O2,theobromine
C7H9BO2,4-methylphenylboronic acid
C7H9BO3,4-boronoanisole
C7H10N2,4-dimethylaminopyridine
C7H11NO5,N-Acetylglutamic acid
C7H12O4,diethyl malonate
C7H12N2O4,aceglutamide
C7H14O3,n-Butyl lactate
C7H14O6,bornesitol
C7H14O6,Methyl-α-D-galactose
C7H16,heptane
C8H4F3IO2,Togni reagent II
C8H5F3N2OS,riluzole
C8H5NO2,isatin
C8H6BrN,5-bromoindole
C8H6BrN,6-bromoindole
C8H6ClN,4-chloroindole
C8H6Cl2O3,"2,4-dichlorophenoxyacetic acid"
C8H6N2O,4-quinazolinol
C8H6N2O2,indazolium-3-carboxylate
C8H7Cl,2-Chlorostyrene
C8H7N,indole
C8H7NO,indol-4-ol
C8H7NO,oxindole
C8H7NO,5-hydroxyindole
C8H8,cubane
C8H8N2OS,2-amino-6-methoxybenzothiazole
C8H8O3,4-hydroxyphenylacetic acid
C8H8O3,isovanillin
C8H8O4,vanillic acid
C8H9NO2,acetaminophen
C8H9NO2,aminomethylbenzoic acid
C8H9NO2,hydroxydanaidal
C8H9NO2,methyl anthranilate
C8H10IN,"4-Iodo-N,N-dimethylaniline"
C8H10N4O2,caffeine
C8H11NO,tyramine
C8H11N5O3,aciclovir
C8H16,"(1R,3R)-1,2,3-Trimethylcyclopentane"
C8H16O2,cyclohexanedimethanol
C8H16O6,pinpollitol
C8H16O6,viscumitol
C8H16O6,Eleutheroside C ethyl galactoside
C8H18,octane
C9H6BrN,4-bromoisoquinoline
C9H6N2,5-cyanoindole
C9H6O3,umbelliferone
C9H6OS,thiochromone
C9H7NO,8-hydroxyquinoline
C9H7NO,indole-3-carboxaldehyde
C9H7NO2,indole-2-carboxylic acid
C9H7NO2,indole-3-carboxylic acid
C9H8N2,5-aminoisoquinoline
C9H8N2,5-aminoquinoline
C9H8N2,6-aminoquinoline
C9H8N2,8-aminoquinoline
C9H8O2,cinnamic acid
C9H8O3,o-coumaric acid
C9H8O3,m-coumaric acid
C9H8O3,p-coumaric acid
C9H8O4,aspirin acetylsalicylic acid
C9H8O4,caffeic acid
C9H9N,methylketol
C9H9N,skatole
C9H9NO,4-methoxyindole
C9H9NO,5-methoxyindole
C9H9NO,6-methoxyindole
C9H9NO,indole-3-carbinol
C9H9NO3,hippuric acid
C9H9NO6,Stizolobic acid
C9H10O,chavicol
C9H10O3,paeonol
C9H11NO2,phenylanine LPA
C9H11NO2,phenylanine DLPA
C9H10O,cinnamyl alcohol
C9H11NO3,tyrosine Tyr
C9H11NO4,L-DOPA
C9H12O3,4-Ipomeanol
C9H13N5O3,S2242
C9H14O3,Boonein
C9H17NO2,gabapentin
C9H18N2O2,1-boc-piperazine
C9H20,nonane
C9H20N2O2S2,Mono-BOC-cystamine
C9H20N2S,"N,N'-Di-n-butylthiourea"
C10H4Br5NO,Pentabromopseudilin
C10H7NO2,quinaldic acid
C10H7NO4,6-Hydroxykynurenic acid
C10H7N3S,tiabendazole
C10H8,azulene
C10H8,naphthalene
C10H8O3,hymecromone
C10H9NO2,indole-3-acetic acid
C10H9N5O,kinetin
C10H9NO2,5-methoxyindole-3-carboxaldehyde
C10H10N2O,edaravone
C10H10N3NaO5,Suosan
C10H10O2,safrole
C10H10O4,ferulic acid
C10H11N3O3S,sulfamethoxazole
C10H12N2,tryptamine
C10H12O,anethole
C10H12O,estragole
C10H12O2,hinokitiol
C10H12O2,eugenol
C10H12O2,isoeugenol
C10H12O2,pseudoisoeugenol
C10H12O3,coniferyl alcohol
C10H13N5O4,adenosine
C10H14ClNS,N-tert-Butylbenzenesulfinimidoyl chloride
C10H14Cl2O4Ti,Titanium bis(acetylacetonate)dichloride
C10H14O,mentha spicata herb oil
C10H15Br,1-Bromoadamantane
C10H15ON,ephedrine
C10H16,limonene
C10H16O,camphor
C10H17NO3,boc-4-piperidone
C10H18N2O8,Fructose-asparagine
C10H18N4O2S,Biotin hydrazide
C10H19NO3,1-boc-4-piperidinol
C10H20N2O2,boc-4-aminopiperidine
C10H20O2,Paramenthane hydroperoxide
C10H22,decane
C11H8O2,menadione
C11H10O,β-Naphthol methyl ether
C11H11NO2,3-indolepropionic acid
C11H12N2O2,tryptophan Trp
C11H12O3,myristicin
C11H13NO6,Caramboxin or Diroximel fumarate
C11H14N2O,5-methoxytryptamine
C11H14O2,methyl eugenol
C11H14O2,methyl isoeugenol
C11H16O2,Jasmolone
C11H19NO4,boc-isonipecotic acid
C11H21N5O5,L-Arginine L-pyroglutamate
C11H24,undecane
C12H11NO5,Macromomycin B
C12H4Cl6,"2,2',3,3',4,4'-Hexachlorobiphenyl"
C12H4N4,tetracyanoquinodimethane
C12H8O4,methoxsalen
C12H10,biphenyl
C12H10ClN2O5S,furosemide
C12H11N3O2,Furonazide
C12H11N5,6-benzylaminopurine
C12H11N7,triamterene
C12H13NO2,indole-3-butyric acid
(C12H14CaO12)n,calcium alginate
C12H14O4,apiole
C12H14O4,dillapiole
C12H15NO,1-benzyl-4-piperidone
C12H16N2,"N,N-Dimethyltryptamine"
C12H16O3,asarone
C12H16O3,elemicin
C12H16O3,isoelemicin
C12H16O3,oudenone
C12H16O4,"2,4,5-Trimethoxypropiophenone"
C12H16O7,arbutin
C12H17N5O4S,thiamine nitrate
C12H18N4O2,E1210
C12H18O,propofol
C12H18O4,"Allixin or 1,6-Hexanediol diacrylate"
C12H19N3O7,D-Fructose-L-histidine
C12H21N3O8,Aspartylglucosamine
C12H22O4,"1,1'-Dihydroxydicyclohexyl peroxide"
C12H22O11,maltose
C12H22O11,sucrose
C12H25N,Stenusin
C12H26,dodecane
C13H20,Tetracyclopropylmethane
C13H10O,benzophenone
C13H12F2N6O,fluconazole
C13H12O,β-ionone
C13H12O2,monobenzone
C13H14N2O,harmaline
C13H16N2O2,melatonin
C13H18O2,ibuprofen
C13H28,tridecane
C14H10,anthracene
C14H10,phenanthrene
C14H10O14,benzoyl peroxide
C14H11Cl3N2O3,RI-1
C14H11NO3,Isooncodine
C14H12O3,resveratrol
C14H13F4N3O2S,Flufenacet
C14H14Cl2N2O,enilconazole
C14H16N2O4,SCH 900271
C14H17F3N3O2,TDBzcholine
C14H18N2O5,aspartame
C14H18N4O3,trimethoprim
C14H18O6,Bis(2-methoxyethyl) phthalate
C14H20O5,Integrasone
C14H30,tetradecane
C15H10O4,daidzein
C15H10O5,apigenin
C15H10O5,emodin
C15H10O5,genistein
C15H10O6,luteolin
C15H10O7,quercetin
C15H12N2O,carbamazepine
C15H12N2O2,phenytoin
C15H13NO4,Darienine
C15H18O2,Curzerenone
C15H18O3,Arglabin
C15H24O,nectaryl
C15H32,pentadecane
C16H13NO4,Virstatin
C16H14O3,ketoprofen
C16H19NO4,Norscopolamine
C16H19NO5,Peyonine
C16H22FN5O3S,LY3372689
C16H28N2O6Zn,zinc acexamate
C16H30N4O4S,Biotin PEG2 amine
C16H34,hexadecane
C17H13ClN4,alprazolam
C17H14F3N3O2S,celecoxib
C17H14N2,Olivacine
C17H14O3,5-Methyl-7-methoxyisoflavone
C17H14N2O5S,Calmagite
C17H15NO3,Noroliveroline
C17H16N2O3S,"TSQ, 6-methoxy-(8-p-toluenesulfonamido)quinoline"
C17H18N2O6,nifedipine
C17H19N3O3S,omeprazole
C17H21NO4,cocaine
C17H22O2,cicutoxin
C17H22O2,oenanthotoxin
C17H24O,falcarinol
C17H24O9,Eleutheroside B Syringin
C17H30O8,Glyceryl octyl ascorbic acid
C17H36,heptadecane
C18H12Cl2N2O,boscalid
C18H16N2OS,INH1
C18H17NO3,Oliveroline
C18H17NO3,Xylopine
C18H17NO7,Clovamide
C18H22O2,estrone
C18H23NO6,Tazopsine
C18H24O2,estradiol
C18H24O3,estriol
C18H24O4,estetrol
C18H27NO3,capsaicin
C18H32O2,linoleic acid
C18H36O2,stearic acid
C18H38,octadecane
C19H10Br2O9S,Bromopyrogallol red
C19H12N2O,"6-Formylindolo(3,2-b)carbazole"
C19H14N2O4,C286
C19H14O6,Landomycinone
C19H15ClO4,Coumachlor
C19H16ClNO4,indometacin
C19H22N2,Eburnamenine
C19H22N2O,Normacusine B
C19H24N2O,Eburnamine
C19H26O2,androstenedione
C19H28O2,dehydroepiandrosterone
C19H28O2,testosterone
C19H30O2,androstenediol
C19H30O2,dihydrotestosterone
C19H40,nonadecane
C20H17NO6,Sibiricine
C20H19N,"N,N-Dibenzylaniline"
C20H20N4AgS2O8,Tetrakis(pyridine)silver(II) peroxydisulfate
C20H22N2O,Kopsanone
C20H22N2O2,Pleiocarpamine
C20H22O7,Saudin
C20H23BrN8O,BX-912
C20H23NO4,Thebacon
C20H24O2N2,quinine
C20H25NO,Diphepanol
C20H26O3,Crotogoudin
C20H27NO11,amygdalin
C20H28O2,tretinoin
C20H30O3,Neotripterifordin
C20H32O5,prostacyclin
C20H32O5,prostaglandin E2
C20H34O5,dinoprost
C20H42,eicosane
C21H16FN7,AMG 319
C21H18FN5O5S,Avutometinib
C21H19ClN4O2,Setanaxib
C21H20O6,curcumin
C21H22N2O4,Picralinal
C21H22O4,Taxamairin A
C21H23FN2O4,Z-FA-FMK
C21H24FN6O6P,Rovafovir etalafenamide
C21H25NO4,Yuanhunine
C21H26O4,Canniprene
C21H27N5,D75-4590
C21H30O2,progesterone
C21H30O2,tetrahydrocannabinol
C21H36N7O16P3S,Coenzyme A
C21H39NO3,N-Oleoylsarcosine
C21H44N2,"N-Oleyl-1,3-propanediamine"
C22H23ClN2O2,loratadine
C22H26O7,L-165041
C22H28N2O,fentanyl
C22H30O8,Neurolenin B
C23H13Cl2Na3O9S,Chrome Azurol S
C23H19ClF3NO3,cyhalothrin
C23H24O4S,Kadethrin
C23H28N2O,Iferanserin
C23H28N2O4,Pleiocarpine
C23H38N2OS,Laucysteinamide A
C23H41NO2,Terminaline
C24H17F6NO3,Tarocin A
C24H29FN6,Ralimetinib
C24H45CrO6,Chromium(III) 2-ethylhexanoate
C25H30O8,Kadsurin
C25H36O6,Pseudopterosin A
C26H32N6O11,Mirubactin
C26H37N3O,Tarocin B
C26H38O6,Pseudopterosin E
C27H27Cl2N5O3S,JD5037
C27H33N3O5,Andrimid
C27H50O6,Axona
C28H26ClN5O,Basic Black 2
C28H37NO8,Nargenicin
C28H42N4O6,Kukoamine A
C28H47NO3,Pingbeinine
C29H42N10O9,Argadin
C29H40N2O6,Dihydromaltophilin
C30H19NO9,Dynemicin A
C30H42O11,Decinnamoyltaxinine J
C30H46O6,Retigeric acid B
C33H28O9,Rubicordifolin
C33H38O11,Triptofordin C-2
C34H46O18,Eleutheroside D
C35H42O14,Taxinine M
C35H60O6,Eleutheroside A
C36N2O6,Cepharanoline
C37H44O13,Taxagifine
C37H48N2O8,Cytotrienin A
C37H59N5O6,Caldoramide
C37H64O6,Chamuvarinin
C38H65NO29,lacto-n-difucohexaose II
C39H48N2O9,Kidamycin
C40H48N6O10,Bouvardin
C40H53NO14,Cosmomycin B
C40H56,lycopene
C40H60BNaO14,Aplasmomycin
C41H50N2O10,Neopluramycin
C41H50N2O11,Hedamycin
C44H55NO16,Milataxel
C44H69N15O9S,adrenorphin
C48H56N10O12S6,Thiocoraline
C52H48MoN4P4,"Bis(dinitrogen)bis(1,2-bis(diphenylphosphino)ethane)molybdenum(0)"
C55H74IN3O21S4,calicheamicin
C58H84N12O26,Mannopeptimycin glycopeptide
C59H80N4O22S4,esperamicin
C59H103N3O18,Niphimycin
C60,Buckminsterfullerene
C61H60N14O18S5,Nocathiacin I
C62H89CoN13O15P,hydroxocobalamin
C63H88CoN14O14P,Vitamin B12
C63H88CoN14O14P,cyanocobalamin
C63H91CoN13O14P,methylcobalamin
C72H100CoN18O17P,adenosylcobalamin
C76H52O46,Tannic acid
C77H101N17O26,Surotomycin
C77H120N18O26S,alpha-Endorphin
C79H145N17O17,Paenibacterin
C83H131N19O27S,gamma-Endorphin
C131H200N30O43S2,amidorphin
C158H251N39O46S,beta-Endorphin
C161H236N42O48,leumorphin
C164H256Na2O68S2,maitotoxin
C172H284ClN53O41,JV-1-36
"C169,719H270,466N45,688O52,238S911",titin
CaAl2O4,calcium aluminate
CaB6,calcium boride
CaBr2,calcium bromide
Ca(BrO)2,calcium hypobromite
Ca(BrO2)2,calcium bromite
Ca(BrO3)2,calcium bromate
Ca(BrO4)2,calcium perbromate
Ca(CN)2,calcium cyanide
CaCO3,calcium carbonate spent lime calcite limestone marble
CaC2,calcium carbide
Ca(CHO2)2,calcium formate
Ca(C2H3O2)2,calcium acetate
CaC2O4,calcium oxalate
CaCN2,calcium cyanamide
CaCl2,calcium chloride
Ca(ClO)2,calcium hypochlorite
Ca(ClO2)2,calcium chlorite
Ca(ClO3)2,calcium chlorate
Ca(ClO4)2,calcium perchlorate
CaF2,calcium fluoride fluorite
CaH2,calcium hydride
CaHPO4,dicalcium phosphate
Ca(H2PO2)2,calcium hypophosphite
Ca(HS)2,calcium hydrosulfide
CaI2,calcium iodide
Ca(IO)2,calcium hypoiodite
Ca(IO2)2,calcium iodite
Ca(IO3)2,calcium iodate
Ca(IO4)2,calcium periodate
CaMoO4,calcium molybdate
Ca(NO2)2,calcium nitrite
Ca(NO3)2,calcium nitrate
Ca(NO3)2 · 4H2O,Calcium nitrate tetrahydrate
Ca(NbO3)2,calcium metaniobate
CaO,quicklime calcium oxide burnt lime
Ca(OH)2,calcium hydroxide slaked lime
CaO2,calcium peroxide
CaP,calcium monophosphide
CaS,calcium sulfide hepar calcies sulfurated lime oldhamite
CaSO3,calcium sulfite
CaSO4,calcium sulfate
CaSO4 · 0.5H2O,plaster of paris calcium sulfate hemihydrate
CaSe,calcium selenide
CaSeO3,calcium selenite
CaSeO4,calcium selenate
CaSiO3,calcium metasilicate wollastonite
CaTe,calcium telluride
CaTeO3,calcium tellurite
CaTeO4,calcium tellurate
CaTiO3,calcium titanate
Ca(VO3)2,calcium metavanadate
Ca(VO4)2,calcium orthovanadate
CaWO4,calcium tungstate
Ca3(AsO4)2,calcium arsenate
Ca3N2,calcium nitride
Ca3P2,calcium phosphide
Ca3(PO4)2,tricalcium phosphate
Ca4(PO4)2O,tetracalcium phosphate
Ca5(PO4)3F,calcium fluorophosphate
Ca5(PO4)3(OH),hydroxyapatite
CdBr2,cadmium bromide
Cd(CN)2,cadmium cyanide
CdCO3,cadmium carbonate
Cd(C2H3O2)2,cadmium acetate
CdC2O4,cadmium oxalate
CdCl2,cadmium chloride
CdCrO4,cadmium chromate
CdF2,cadmium fluoride
CdI2,cadmium iodide
Cd(IO3)2,cadmium iodate
CdMoO4,cadmium molybdate
Cd(NO3)2,cadmium nitrate
Cd(N3)2,cadmium azide
CdO,cadmium oxide
Cd(OH)2,cadmium hydroxide
CdS,cadmium sulfide greenockite
CdSO3,cadmium sulfite
CdSO4,cadmium sulfate
CdSb,cadmium antimonide
CdSe,cadmium selenide cadmoselite
CdSeO3,cadmium selenite
CdSiO3,cadmium metasilicate
Cd(TaO3)2,cadmium metatantalate
CdTe,cadmium telluride
CdTeO4,cadmium tellurate
CdTiO3,cadmium titanate
CdWO4,cadmium tungstate
CdZrO3,cadmium metazirconate
Cd2Nb2O7,cadmium niobate
Cd3As2,cadmium arsenide
Cd3P2,cadmium phosphide
Cd3(PO4)2,cadmium phosphate
CeB6,cerium boride
CeBr3,cerium(III) bromide
CeC,cerium carbide
CeCl3,cerium(III) chloride
CeF3,cerium(III) fluoride
CeF4,cerium(IV) fluoride
CeI2,cerium(II) iodide
CeI3,cerium(III) iodide
CeN,cerium nitride
CeO2,cerium(IV) oxide cerianite
CeS,cerium(II) sulfide
Ce(SO4)2,cerium(IV) sulfate
CeSi2,cerium silicide
Ce2C3,cerium(III) carbide
Ce2O3,cerium(III) oxide
Ce2S3,cerium(III) sulfide
CF3Cl,chlorotrifluoromethane
CF4,tetrafluoromethane
ClF,chlorine fluoride
ClF3,chlorine trifluoride
ClF5,chlorine pentafluoride
ClOClO3,chlorine perchlorate
ClO2,chlorine dioxide
ClO3F,chlorine trioxide fluoride
Cl2,chlorine
Cl2O3,chlorine trioxide
Cl2O6,chlorine hexoxide
Cl2O7,chlorine heptoxide
Cl2O8,Chlorine octaoxide
CoAl2O4,cobalt(II) aluminate
CoAs,cobalt arsenide
CoAs2,cobalt(II) arsenide
CoB,cobalt(II) boride
CoBr2,cobalt(II) bromide
Co(CN)2,cobalt(II) cyanide
Co(C2H3O2)2,cobalt(II) acetate
Co(C2H3O2)3,cobalt(III) acetate
CoC2O4,cobalt(II) oxalate
Co(ClO4)2,cobalt(II) perchlorate
CoCl2,cobalt(II) chloride
CoCrO4,cobalt(II) chromate
CoCr2O4,cobalt(II) chromite
CoF2,cobalt(II) fluoride
CoF3,cobalt(III) fluoride
Co(IO3)2,cobalt(II) iodate
CoI2,cobalt(II) iodide
CoMoO4,cobalt(II) molybdate
Co(NO3)2,cobalt(II) nitrate
Co(NO3)3,cobalt(III) nitrate
CoO,cobalt(II) oxide
Co(OH)2,cobalt(II) hydroxide
Co(OH)3,cobalt(III) hydroxide
CoS,cobalt(II) sulfide
CoS2,cobalt disulfide
CoSb,cobalt antimonide
CoSe,cobalt(II) selenide
CoSeO3,cobalt(II) selenite
CoTe,cobalt(II) telluride
CoTiO3,cobalt(II) titanate
CoWO4,cobalt(II) tungstate
Co2B,cobalt boride
Co(C18H33O2)2,Cobalt oleate
Co2SO4,cobalt(II) sulfate
Co2S3,cobalt(III) sulfide
Co2SiO4,cobalt(II) orthosilicate
Co2SnO4,cobalt(II) stannate
Co2TiO4,cobalt(II) titanite
Co3(AsO4)2,cobalt arsenate
Co3(Fe(CN)6)2,cobalt(II) ferricyanide
CrBr2,chromium(II) bromide
CrBr3,chromium(III) bromide
CrCl2,chromium(II) chloride
CrCl3,chromium(III) chloride
CrCl4,chromium(IV) chloride
CrF2,chromium(II) fluoride
CrF3,chromium(III) fluoride
CrF4,chromium(IV) fluoride
CrF5,chromium(V) fluoride
CrF6,chromium(VI) fluoride
CrI2,chromium(II) iodide
CrI3,chromium(III) iodide
Cr(NO3)3,chromium(III) nitrate
Cr(NO2)3,chromium(III) nitrite
Cr(OH)3,chromium(III) hydroxide
CrO2,chromium(IV) oxide
CrO3,chromium(VI) oxide
CrO42−,chromate ion
CrO2Cl2,chromium(VI) oxychloride
CrPO4,chromium(III) phosphate
CrSb,chromium antimonide
CrSe,chromium(II) selenide
CrSi2,chromium(II) silicide
CrVO4,chromium(III) orthovanadate
Cr2O3,chromium(III) oxide eskolaite
Cr2(SO4)3,chromium(III) sulfate
Cr2S3,chromium(III) sulfide
Cr2Se3,chromium(III) selenide
Cr2(TeO4)3,chromium(III) tellurate
Cr2Te3,chromium(III) telluride
Cr3As2,chromium(II) arsenide
Cr3C2,chromium(II) carbide
Cr3Sb2,chromium(II) antimonide
CsBO2,caesium borate
CsBr,caesium bromide
CsBrO,caesium hypobromite
CsBrO2,caesium bromite
CsBrO3,caesium bromate
CsBrO4,caesium perbromate
CsBr3,caesium tribromide
CsCN,caesium cyanide
CsCNO,caesium cyanate
CsCNO,caesium fulminate
CsC2H3O2,caesium acetate
CsCl,caesium chloride
CsClO,caesium hypochlorite
CsClO2,caesium chlorite
CsClO3,caesium chlorate
CsClO4,caesium perchlorate
CsF,caesium fluoride
CsH,caesium hydride
CsHS,caesium hydrosulfide
CsI,caesium iodide
CsIO,caesium hypoiodite
CsIO2,caesium iodite
CsIO3,caesium iodate
CsIO4,caesium periodate
CsI3,caesium triiodide
CsNH2,caesium amide
CsNO2,caesium nitrite
CsNO3,caesium nitrate
CsN3,caesium azide
CsNbO3,caesium niobate
Cs2NbO3,caesium metaniobate
CsOH,caesium hydroxide
CsO2,caesium superoxide
Cs2O2,caesium peroxide
Cs2S,caesium sulfide
CsSCN,caesium thiocyanate
CsSeO4,caesium selenate
CsTaO3,caesium metatantalate
Cs2CO3,caesium carbonate
CsHCO3,caesium bicarbonate
CsH2PO3,monocaesium phosphite
CsH2PO4,monocaesium phosphate
CsHSO3,caesium bisulfite
CsHSO4,caesium hydrogen sulfate
Cs2C2O4,caesium oxalate
Cs2CrO4,caesium chromate
Cs2Cr2O7,caesium dichromate
Cs2HPO4,caesium hydrogen orthophosphate
Cs2MoO4,caesium molybdate
Cs2O,caesium oxide
Cs2SO3,caesium sulfite
Cs2SO4,caesium sulfate
Cs2SiO3,caesium metasilicate
Cs2TeO4,caesium tellurate
Cs2TiO3,caesium titanate caesium metatitanate
Cs2WO4,caesium orthotungstate
Cs2HPO3,dicaesium phosphite
Cs2HPO4,dicaesium phosphate
Cs3PO3,tricaesium phosphite
Cs3PO4,caesium orthophosphate
Cs3VO4,caesium orthovanadate
CuBr,copper(I) bromide
Cu(BrO3)2 · 6H2O,copper(II) bromate hexahydrate
CuBr2,copper(II) bromide
CuC2O4,copper oxalate
Cu(CH3COO),copper(I) acetate
Cu(CH3COO)2,copper(II) acetate
CuCl,copper(I) chloride
Cu(ClO3)2 · 6H2O,copper(II) chlorate hexahydrate
CuCl2,copper(II) chloride
CuF,copper(I) fluoride
CuF2,copper(II) fluoride
CuFeS2,copper iron sulfide chalcopyrite
CuFe2O4,copper(II) iron(II) oxide
CuFe2S3,copper iron sulfide cubanite
[Cu(H2O)4]SO4 · H2O,blue vitriol
CuI,copper(I) iodide
CuIO3,copper(I) iodate
Cu(IO3)2,copper(II) iodate
CuMoO4,copper(II) orthomolybdate
Cu(NO3)2,copper(II) nitrate
Cu(NO3)2 · 3H2O,copper(II) nitrate trihydrate
Cu(NO3)2 · 6H2O,copper(II) nitrate hexahydrate
Cu(NbO3)2,copper(II) orthoniobate
CuO,copper(II) oxide
Cu2O,copper(I) oxide
Cu(OH)2,copper(II) hydroxide
Cu2(OH)2CO3,basic copper carbonate
CuS,copper(II) sulfide covellite
CuSCN,copper(I) thiocyanate
CuSO4,copper(II) sulfate
CuSO4 · 5H2O,copper(II) sulfate pentahydrate
CuSe,copper(II) selenide
CuSeO3 · 2H2O,copper(II) selenite dihydrate
CuSeO4 · 5H2O,copper(II) selenate pentahydrate
CuSiO3,copper(II) metasilicate
CuTe,copper(II) telluride
CuTeO3,copper(II) tellurite
CuTiO3,copper(II) metatitanate
Cu(VO3)2,copper(II) metavanadate
CuWO4,copper(II) orthotungstate
Cu2CO3(OH)2,malachite
Cu2S,copper(I) sulfide chalcocite
Cu2Se,copper(I) selenide
Cu2Te,copper(I) telluride
Cu3As,copper(I) arsenide
Cu3P,copper(I) phosphide
Cu3(PO4)2,copper(II) phosphate
Cu3Sb,copper(III) antimonide
Cu9S5,copper sulfide digenite
DBr,deuterium bromide
DI,deuterium iodide
DLi,lithium deuteride
DNa,sodium deuteride
D2O,heavy water
D3O+,trideuterioxonium ion
DyBr3,dysprosium(III) bromide
DyCl2,dysprosium(II) chloride
DyCl3,dysprosium(III) chloride
DySi2,dysprosium(II) silicide
Dy2O3,dysprosium(III) oxide
Dy2S3,dysprosium(III) sulfide
ErCl3,erbium(III) chloride
ErF,erbium monofluoride
ErF2,erbium difluoride
ErF3,erbium trifluoride
ErI3,erbium triiodide
ErI4Na,erbium sodium tetraiodide
ErO,erbium monoxide
EuCl2,europium(II) chloride
EuCl3,europium(III) chloride
EuF,europium monofluoride
EuF3,europium trifluoride
EuI2,europium diiodide
EuNbO2,europium niobium dioxide
EuNb2O6,europium diniobium hexaoxide
EuO,europium monoxide
EuO2V,monoeuropium monovandium dioxide
EuO3Ti,europium titanium trioxide
EuO3V,europium metavanadate
EuO4W,europium tungsten tetraoxide
EuS,europium monosulfide
EuSO4,europium(II) sulfate
EuS2,europium disulfide
Eu2O,dieuropium monoxide
Eu2O2,dieuropium dioxide
Eu2O3,europium(III) oxide
Eu2S,dieuropium monosulfide
Eu2S2,dieuropium disulfide
Eu2(SO4)3,europium(III) sulfate
FGa,gallium monofluoride
FGaO,gallium monofluoride monoxide
FGd,gadolinium monofluoride
FGe,germanium monofluoride
FHo,holmium monofluoride
FI,iodine monofluoride
FI2,monofluorodiiodine
FIn,indium monofluoride
FLa,lanthanum monofluoride
FLi,lithium fluoride
FLiO,lithium hypofluorite
FLi2,dilithium monofluoride
FMg,magnesium monofluoride
FMn,monomanganese monofluoride
FMnO3,manganese fluoride trioxide
FMo,molybdenum monofluoride
FN,fluoroimidogen
FNO,nitrosyl fluoride
FNO2,nitryl fluoride
FNO3,fluorine nitrate
FNS,thiazyl fluoride
FNa,sodium fluoride
FNa2,disodium monofluoride
FNd,neodymium monofluoride
FO,oxygen monofluoride
FOTh,thorium monofluoride monoxide
FOTi,titanium fluoride oxide
FO2,dioxygen monofluoride
FO3S,fluorosulfate radical
FP,phosphorus monofluoride
FPS,phosphenothious fluoride
FPS2,phosphenodithioic fluoride
FPb,lead monofluoride
FPu,plutonium monofluoride
FRb,rubidium fluoride
FS,monosulfur monofluoride
FSc,scandium monofluoride
FSm,samarium monofluoride
FSn,tin monofluoride
FSr,strontium monofluoride
FTh,thorium monofluoride
FTi,titanium fluoride
FTl,thallium monofluoride
FW,tungsten monofluoride
FXe,xenon monofluoride
FY,yttrium monofluoride
FZr,zirconium fluoride
F2,fluorine
F2Fe,ferrous fluoride
F2Ga,gallium difluoride
F2Gd,gadolinium difluoride
F2Ge,germanium difluoride
F2GeO,difluorogermanone
F2Hg,mercury fluoride
F2Hg2,mercury fluoride
F2Ho,holmium difluoride
F2IP,difluoroiodophosphine
F2K2,dipotassium difluoride
F2Kr,krypton difluoride
F2La,lanthanum difluoride
F2Li2,lithium fluoride
F2Mg,magnesium fluoride
F2Mn,manganese difluoride
F2Mo,molybdenum difluoride
F2MoO2,molybdenum difluoride dioxide
F2N,difluoroamino radical
F2N2O,nitrosodifluoroamine
F2Na2,disodium difluoride
F2Nd,neodymium difluoride
F2Ni,nickel difluoride
F2O,oxygen difluoride
F2OS,thionyl fluoride
F2OSi,difluorooxosilane
F2OTi,titanium fluoride oxide
F2O2,perfluoroperoxide
F2O2S,sulfuryl fluoride
F2O2W,tungsten difluoride dioxide
F2O5S3,peroxydisulfuryl difluoride
F2P,phosphorus difluoride
F2Pb,lead difluoride
F2Pt,platinum difluoride
F2Pu,plutonium difluoride
F2S,sulfur difluoride
F2SW,tungsten difluoride monosulfide
F2S2,difluorodisulfane
F2S2,thiothionyl fluoride
F2S2,thiothionyl fluoride
F2S2W,tungsten difluoride disulfide
F2Sc,scandium difluoride
F2Se,selenium difluoride
F2Si,difluorosilylene
F2Sn,tin difluoride
F2Sr,strontium fluoride
F2Th,thorium difluoride
F2Ti,titanium difluoride
F2Tl2,dithallium difluoride
F2W,tungsten difluoride
F2Xe,xenon difluoride
F2Y,yttrium difluoride
F2Zn,zinc difluoride
F2Zr,zirconium fluoride
F3Fe,iron trifluoride
F3Ga,gallium trifluoride
F3Gd,gadolinium trifluoride
F3Ho,holmium trifluoride
F3La,lanthanum trifluoride
F3Li3,trilithium trifluoride
F3Lu,lutetium trifluoride
F3Mn,manganese trifluoride
F3Mo,molybdenum trifluoride
F3MoO,molybdenum trifluoride oxide
F3MoS,molybdenum trifluoride sulfide
F3N,nitrogen trifluoride
F3NO,nitrogen trifluoride oxide
F3NO2S,difluoroaminosulfonyl fluoride
F3NO3S,difluoraminooxysulfonyl fluoride
F3NS,thiazyl trifluoride
F3NaSn,sodium trifluorostannate
F3Nd,neodymium trifluoride
F3OP,phosphoryl fluoride
F3OTa,tantalum monoxide trifluoride
F3OV,vanadium trifluoride oxide
F3P,phosphorus trifluoride
F3PS,thiophosphoryl fluoride
F3Pr,praseodymium trifluoride
F3Pu,plutonium trifluoride
F3Rh,rhodium fluoride
F3S,sulfur trifluoride
F3SW,tungsten trifluoride monosulfide
F3Sb,antimony trifluoride
F3Sc,scandium fluoride
F3Si,trifluorosilyl radical
F3Sm,samarium trifluoride
F3Tb,terbium trifluoride
F3Th,thorium trifluoride
F3Ti,titanium trifluoride
F3Tl,thallium trifluoride
F3Tm,thulium trifluoride
F3W,tungsten trifluoride
F3Y,yttrium trifluoride
F3Yb,ytterbium trifluoride
F3Zr,zirconium trifluoride
F4Ge,germanium tetrafluoride
F4Ge2,digermanium tetrafluoride
F4Hf,hafnium fluoride
F4Mg2,dimagnesium tetrafluoride
F4Mg2,magnesium fluoride
F4Mo,molybdenum tetrafluoride
F4MoO,molybdenum tetrafluoride oxide
F4MoS,molybdenum tetrafluoride monosulfide
F4N2,tetrafluorohydrazine
F4Na2Sn,disodium tetrafluorostannate
F4OOs,osmium oxide tetrafluoride
F4OP2,diphosphorus tetrafluoride oxide
F4ORe,rhenium tetrafluoride oxide
F4OS,sulfur tetrafluoride oxide
F4OW,tungsten tetrafluoride oxide
F4OXe,xenon tetrafluoride oxide
F4P2,diphosphorus tetrafluoride
F4Pb,lead tetrafluoride
F4Pt,platinum tetrafluoride
F4Pu,plutonium tetrafluoride
F4S,sulfur tetrafluoride
F4SW,tungsten tetrafluoride monosulfide
F4Se,selenium tetrafluoride
F4Si,silicon tetrafluoride
F4Sn2,ditin tetrafluoride
F4Ti,titanium fluoride
F4U,uranium tetrafluoride
F4W,tungsten tetrafluoride
F4Xe,xenon tetrafluoride
F4Zr,zirconium tetrafluoride
F5I,iodine pentafluoride
F5Mo,molybdenum pentafluoride
F5ORe,rhenium monoxide pentafluoride
F5P,phosphorus pentafluoride
F5Pu,plutonium pentafluoride
F5S,disulfur decafluoride
F5Sb,antimony pentafluoride
F5Ta,tantalum pentafluoride
F5U,uranium pentafluoride
F5W,tungsten pentafluoride
F6Fe2,diiron hexafluoride
F6La2,lanthanum trifluoride dimer
F6Mo,molybdenum hexafluoride
F6NP3,nitridotriphosphorous hexafluoride
F6Os,osmium hexafluoride
F6Pu,plutonium hexafluoride
F6Re,rhenium hexafluoride
F6S,sulfur hexafluoride
F6Se,selenium hexafluoride
F6Si2,hexafluorodisilane
F6Sn3,tritin hexafluoride
F6Te,tellurium hexafluoride
F6U,uranium hexafluoride
F6W,tungsten hexafluoride
F6Xe,xenon hexafluoride
F7I,iodine fluoride
F7NS,pentafluorosulfanyldifluoroamine
F7Re,rhenium heptafluoride
F8Si3,octafluorotrisilane
F10Mo2,molybdenum fluoride
F10S2,sulfur fluoride
F15Mo3,molybdenum fluoride
FeAsS,iron arsenic sulfide arsenopyrite
FeBr2,iron(II) bromide
FeBr3,iron(III) bromide
FeBr3 · 6H2O,iron(III) bromide hexahydrate
FeCO3,siderite
FeC2O4,iron oxalate
FeC5O5,iron pentacarbonyl pentacarbonyl iron
FeC10H10,ferrocene
FeCl2,iron(II) chloride
FeCl3,iron(III) chloride
FeCr2O4,chromite (ore)
FeF2,iron fluoride
FeF2 · 4H2O,iron(II) fluoride tetrahydrate
FeI,iron monoiodide
FeI2,iron diiodide iron(II) iodide
FeI2 · 4H2O,iron(II) iodide tetrahydrate
FeI3,iron(III) iodide
FeMoO4,iron(II) orthomolybdate
FeO,iron monoxide iron(II) oxide wüstite
FeO2,iron dioxide
FeO2H,goethite
FeO2H · nH2O,limonite
Fe(OH)2,iron(II) hydroxide
Fe(OH)3,iron(III) hydroxide
Fe(SCN)3,iron(III) Thiocyanate
FeO4S,ferrous sulfate
FeO4Se,iron(II) selenate ferrous selenate
FeO8H4P2,iron(II) dihydrogen phosphate
FeP,iron(III) phosphide
FePO4,iron(III) phosphate
FeS,iron sulfide iron(II) sulfide
Fe2S3,iron sulfide iron(III) silfide
FeS2,pyrite fool's gold
FeS2,iron(IV) sulfide marcasite
FeSe,iron(II) selenide
FeTe,iron(II) telluride
FeTiO3,iron(II) metatitanate
FeTiO3,ilmenite
FeVO4,iron(III) orthovanadate
FeWO4,iron(II) orthotungstate
FeZrO3,iron(II) metazirconate
Fe2I2,diiron diiodide
Fe2I4,diiron tetraiodide
Fe2O3,iron oxide iron(III) oxide hematite
Fe2O3,venetian red
Fe2O12S3,ferric sulfate iron(III) sulfate
Fe2O12W3,iron(III) orthotungstate
Fe2P,diiron phosphide
Fe2SiO4,fayalite
Fe3H2Na2O45Si,chrysotile white asbestos
Fe3O4,"iron(II,III) oxide magnetite triiron(II, III) tetraoxide"
Fe3P,iron(tri) phosphide
Fe4(P2O7)3,iron(III) pyrophosphate
Fe7Si8O24H2,amosite brown asbestos grunerite
GaAs,gallium(III) arsenide
GaAsO4,gallium(III) orthoarsenate
GaBr3,gallium(III) bromide
Ga(C2H3O2)3,gallium(III) acetate
GaCl2,gallium(II) chloride
GaCl3,gallium trichloride
Ga(ClO4)3,gallium(III) perchlorate
GaI2,gallium(II) iodide
GaI3,gallium(III) iodide
GaN,gallium(III) nitride
Ga(OH)3,gallium(III) hydroxide
GaPO4,gallium(III) orthophosphate
GaSb,gallium(III) antimonide
GaTe,gallium(II) telluride
Ga2O3,gallium(III) oxide
Ga2(SO4)3·18H2O,gallium(III) sulfate octadecahydrate
Ga2S3,gallium(III) sulfide
Ga2Te3,gallium(III) telluride
GeBr4,germanium(IV) bromide
GeH3COOH,2-germaacetic acid
GeI2,germanium(II) iodide
GeI4,germanium(IV) iodide
GeO,germanium(II) oxide
HArF,argon fluorohydride
HAt,hydrogen astatide
HBr,hydrogen bromide hydrobromic acid
HBrO,hypobromous acid
HBrO2,bromous acid
HBrO3,bromic acid
HBrO4,perbromic acid
HCCH,acetylene ethyne
HCN,hydrocyanic acid hydrogen cyanide
HCNO,fulminic acid
HCONH2,formamide methanamide
HCOO−,formate ion
HCOOH,formic acid methanoic acid
HCOONH4,ammonium formate
HCO3−,hydrogen carbonate ion
HC3H5O3,lactic acid
HC5H5N+,pyridinium ion
HC6H7O6,ascorbic acid
HC9H7O4,acetylsalicylic acid
HC12H17ON4SCl2,thiamine hydrochloride vitamin B1 hydrochloride
HCl,hydrochloric acid hydrogen chloride
HClO,hypochlorous acid
HClO2,chlorous acid
HClO3,chloric acid
HClO4,perchloric acid
HDO,semiheavy water water-d1
HF,hydrofluoric acid
HI,hydroiodic acid
HIO,hypoiodous acid
HIO2,iodous acid
HIO3,iodic acid
HIO4,periodic acid
HNCO,isocyanic acid
HNO,nitroxyl
HNO2,nitrous acid
HNO3,nitric acid hydrogen nitrate
HN3,hydrazoic acid
HOBr,hypobromous acid
HOCl,hypochlorous acid
HOF,hypofluorous acid
HOOCCOOH,oxalic acid
HPO42−,hydrogen phosphate ion
HSO3−,hydrogen sulfite ion
HSO4−,hydrogen sulfate
HTO,partially tritiated water water-t
H2,hydrogen
H2C(CH)CN,acrylonitrile
H2CO,formaldehyde
H2CO3,carbonic acid
H2CSO,sulfine
H2C2O4,oxalic acid
H2C4H4O6,tartaric acid
H2C8H4O4,phthalic acid H2Ph
H2CrO4,chromic acid
H2NCH2COOH,glycine
H2N2O2,hyponitrous acid
H2NNH2,hydrazine
H2O,water
H2O2,hydrogen peroxide
H2O2Si,Oxosilanol
H2PO4−,dihydrogen phosphate ion
H2S,hydrogen sulfide hydrosulfuric acid
H2SO3,sulfurous acid
H2SO4,sulfuric acid hydrogen sulfate
H2S2O2,thiosulfurous acid
H2S2O3,thiosulfuric acid
H2S2O4,dithionous acid
H2S2O5,disulfurous acid
H2S2O6,dithionic acid
H2S2O7,disulfuric acid
H2S2O8,peroxydisulfuric acid
H2SeO3,selenous acid
H2SeO4,selenic acid
H2SiO3,silicic acid
H2TeO3,tellurous acid
H2TiO3,titanic acid
H3AsO4,arsenic acid
H3CCH2CH3,propane
H3N+CH2COO−,zwitterion
H3O+,hydronium ion
H3PO2,hypophosphorous acid
H3PO3,phosphorous acid
H3PO4,phosphoric acid
H4XeO6,perxenic acid
H6TeO6,telluric acid
HfBr4,hafnium(IV) bromide
HfF4,hafnium(IV) fluoride
HfOCl2 · 8H2O,hafnium(IV) oxychloride octahydrate
HfOH(C2H3O2)3,"hafnium(IV) acetate, basic"
Hf(SO4)2,hafnium(IV) sulfate
Hg(BrO3)2 · 2H2O,mercury(II) bromate dihydrate
Hg2Br2,mercury(I) bromide
HgBr2,mercury(II) bromide
Hg(C2H3O2)2,mercury(II) acetate
Hg(C7H5O2)2 · H2O,mercury(II) benzoate monohydrate
HgClO4 · 4H2O,mercury(I) perchlorate tetrahydrate
Hg(ClO4)2 · 3H2O,mercury(II) perchlorate trihydrate
HgCl2,mercury(II) chloride
Hg(IO3)2,mercury(II) iodate
HgI2,mercury(II) iodide
Hg(NO3)2 · H2O,mercury(II) nitrate monohydrate
Hg(CNO)2,mercury(II) fulminate
HgNa,sodium amalgam
HgO,mercury(II) oxide
Hg(OH)2,mercury(II) hydroxide
HgS,mercury(II) sulfide cinnabar
Hg(SCN)2,mercury(II) thiocyanate
HgSe,mercury(II) selenide
HgSeO3,mercury(II) selenite
HgTe,mercury(II) telluride
HgTeO3,mercury(II) tellurite
HgWO4,mercury(II) tungstate
Hg2Br2,mercury(I) bromide
Hg2Cl2,mercury(I) chloride
Hg2I2,mercury(I) iodide
Hg3(AsO4)2,mercury(II) orthoarsenate
Hg3(PO4)2,mercury(II) phosphate
IBr,iodine monobromide
IBr3,iodine tribromide
ICl,Iodine monochloride
ICl3,iodine(III) chloride
IO3,trioxidoiodine
IO3−,iodate ion
I2,iodine
I2O5,iodine pentoxide
I3−,triiodide ion
InAs,indium(III) arsenide
InBr,indium(I) bromide
InBrI2,indium(III) bromodiiodide
InBr2I,indium(III) dibromoiodide
InBr3,indium(III) bromide
InCl,indium(I) chloride
InCl2,indium(II) chloride
InCl3,indium(III) chloride
InCl3·4H2O,indium(III) chloride tetrahydrate
InI,indium(I) iodide
In(IO3)3,indium(III) iodate
InI2,indium(II) iodide
InI3,indium(III) iodide
In(NO3)3·4.5H2O,indium(III) nitrate tetrahemihydrate
In(OH)3,indium(III) hydroxide
InP,indium(III) phosphide
InPO4,indium(III) orthophosphate
InS,indium(II) sulfide
InSb,indium(III) antimonide
InTe,indium(II) telluride
In2O3,indium(III) oxide
In2(SO4)3·H2O,indium(III) sulfate monohydrate
In2S3,indium(III) sulfide
In2Se3,indium(III) selenide
In2Te3,indium(III) telluride
IrBr3,iridium(III) bromide
KAl(SO4)2,potassium alum
KAsO2,potassium arsenite
KH2AsO4,potassium dihydrogen arsenate
KBr,potassium bromide
KBrO,potassium hypobromite
KBrO2,potassium bromite
KBrO3,potassium bromate
KBrO4,potassium perbromate
KCN,potassium cyanide
KCNO,potassium cyanate
KCNO,potassium fulminate
KCNS,potassium thiocyanate
KCl,potassium chloride
KClO,potassium hypochlorite
KClO2,potassium chlorite
KClO3,potassium chlorate
KClO4,potassium perchlorate
K2CrO4,potassium chromate
K2Cr2O7,potassium dichromate
K2HAsO4,dipotassium hydrogen arsenate
K2HPO3,dipotassium phosphite
K2HPO4,dipotassium phosphate
K3AsO4,potassium arsenate
K3C6H5O7,potassium citrate
K3PO3,tripotassium phosphite
K3PO4,tripotassium phosphate
KF,potassium fluoride
KOF,potassium hypofluorite
KH,potassium hydride
KHCO3,potassium bicarbonate
KHS,potassium hydrosulfide
KHSO3,potassium bisulfite
KHSO4,potassium bisulfate
KH2PO3,monopotassium phosphite
KH2PO4,monopotassium phosphate
KI,potassium iodide
KIO,potassium hypoiodite
KIO2,potassium iodite
KIO3,potassium iodate
KIO4,potassium periodate
KMnO4,potassium permanganate
KNO3,potassium nitrate
KNO2,potassium nitrite
K2CO3,potassium carbonate
K2MnO4,potassium manganate
K2N2O2,potassium hyponitrite
KNbO3,potassium niobate
K2O,potassium oxide
K2O2,potassium peroxide
K2S,potassium sulfide
K2S2O3,potassium thiosulfate
K2S2O5,potassium metabisulfite
K2S2O8,potassium persulfate
K2SO3,potassium sulfite
K2SO4,potassium sulfate
KOH,potassium hydroxide/caustic potash
LaBr3,lanthanum(III) bromide
LaCl3,lanthanum(III) chloride
LaI3,lanthanum(III) iodide
La2O3,lanthanum(III) oxide
La(OH)3,lanthanum hydroxide
LaPO4,lanthanum(III) phosphate
LaPO4·0.5H2O,lanthanum(III) phosphate crystal hemihydrate
LiAlH4,lithium aluminium hydride
Li(AlSi2O6),keatite
LiBH4,lithium borohydride
LiBr,lithium bromide
LiBr·2H2O,lithium bromide dihydrate
LiBrO,lithium hypobromite
LiBrO2,lithium bromite
LiBrO3,lithium bromate
LiBrO4,lithium perbromate
LiCl,lithium chloride
LiClO,lithium hypochlorite
LiClO2,lithium chlorite
LiClO3,lithium chlorate
LiClO4,lithium perchlorate
LiCN,lithium cyanide
LiCNO,lithium cyanate
LiC2H5O,lithium ethoxide
LiF,lithium fluoride
LiH,lithium hydride
LiHCO3,lithium bicarbonate
LiHS,lithium hydrosulfide
LiHSO3,lithium bisulfite
LiHSO4,lithium hydrogen sulfate
LiH2AsO4,lithium dihydrogen arsenate
LiH2PO3,monolithium phosphite
LiH2PO4,monolithium phosphate
LiI,lithium iodide
LiIO,lithium hypoiodite
LiIO2,lithium iodite
LiIO3,lithium iodate
LiIO4,lithium periodate
LiNa,lithium sodium
LiNaNO2,lithium sodium nitroxylate
LiNbO3,lithium niobate
LiNO2,lithium nitrite
LiNO3,lithium nitrate
LiNO3·H2O,lithium nitrate monohydrate
LiOH,lithium hydroxide
LiTaO3,lithium tantalate lithium metatantalate
LiVO3·2H2O,lithium metavanadate dihydrate
Li2HAsO4,dilithium hydrogen arsenate
Li2B4O7·5H2O,lithium tetraborate pentahydrate
Li2CO3,lithium carbonate
Li2CrO4,lithium chromate
Li2CrO4·2H2O,lithium chromate dihydrate
Li2Cr2O7,lithium dichromate
Li2HPO3,dilithium phosphite
Li2HPO4,dilithium phosphate
Li2MoO4,lithium molybdate
Li2MoO4,lithium orthomolybdate
Li2NbO3,lithium metaniobate
Li2N2O2,lithium hyponitrite
Li2O,lithium oxide
Li2O2,lithium peroxide
Li2S,lithium sulfide
Li2SO3,lithium sulfite
Li2SO4,lithium sulfate
Li2SeO3,lithium selenite
Li2SeO4,lithium selenate
Li2SiO3,lithium metasilicate
Li2SiO3,lithium orthosilicate
Li2TeO3,lithium tellurite
Li2TeO4,lithium tellurate
Li2TiO3,lithium titanate
Li2TiO3,lithium metatitanate
Li2WO4,lithium tungstate
Li2WO4,lithium orthotungstate
Li2ZrO3,lithium metazirconate
Li3AsO4,trilithium arsenate
Li3PO3,trilithium phosphite
Li3PO4,trilithium phosphate
MgBr2,magnesium bromide
Mg(BrO)2,magnesium hypobromite
Mg(BrO2)2,magnesium bromite
Mg(BrO3)2,magnesium bromate
Mg(BrO4)2,magnesium perbromate
Mg(AlO2)2,magnesium aluminate
As2Mg3,magnesium arsenide
MgCO3,magnesium carbonate magnesite
MgC2O4,magnesium oxalate
Mg(ClO)2,magnesium hypochlorite
Mg(ClO2)2,magnesium chlorite
Mg(ClO3)2,magnesium chlorate
Mg(ClO3)2·xH2O,magnesium chlorate hydrate
Mg(ClO4)2,magnesium perchlorate
MgCl2,magnesium chloride
MgCrO4,magnesium chromate
MgCrO4·5H2O,magnesium chromate pentahydrate
MgF2,magnesium fluoride
MgHPO4,dimagnesium phosphate
MgI2,magnesium iodide
Mg(IO)2,magnesium hypoiodite
Mg(IO2)2,magnesium iodite
Mg(IO3)2,magnesium iodate
Mg(IO4)2,magnesium periodate
MgMoO4,magnesium molybdate
MgNH4PO4·6H2O,magnesium ammonium phosphate hexahydrate
Mg(NO2)2,magnesium nitrite
Mg(NO3)2,magnesium nitrate
Mg(NO3)2·6H2O,magnesium nitrate hexahydrate
MgNaAl5(Si4O10)3(OH)6,montmorillonite (clay)
MgO,magnesium oxide magnesia periclase
Mg(OH)2,magnesium hydroxide milk of magnesia
MgPo,magnesium polonide
MgS,magnesium sulfide
MgSO3,magnesium sulfite
MgSO4,magnesium sulfate
MgSe,magnesium selenide
MgSeO3,magnesium selenite
MgSeO4,magnesium selenate
MgSiO3,magnesium metasilicate enstatite
MgTiO3,magnesium metatitanate
Mg(VO3)2,magnesium metavanadate
MgWO4,magnesium tungstate
Mg2Al(AlSiO5)(OH)4,amesite
Mg2P2O7,magnesium pyrophosphate
Mg2SiO4,forsterite
Mg3As2,magnesium arsenide
Mg3Bi2,magnesium bismuthide
Mg3P2,magnesium phosphide
Mg3(Si2O5)(OH)4,chrysotile
Mg3(Si4O10)(OH)2,talc
Mg3(VO4)2,magnesium orthovanadate
MnAs,manganese(III) arsenide
MnBi,manganese(III) bismuthide
MnBr2,manganese(II) bromide
MnBr2·4H2O,manganese(II) bromide tetrahydrate
Mn(CHO2)2,manganese(II) formate
Mn(CHO2)2·2H2O,manganese(II) formate dihydrate
MnCO3,manganese(II) carbonate
MnCl2,manganese(II) chloride
MnF2,manganese(II) fluoride
MnI2,manganese(II) iodide
MnMoO4,manganese(II) orthomolybdate
Mn(NO3)2,manganese(II) nitrate
Mn(NO3)2·4H2O,manganese(II) nitrate tetrahydrate
MnO,manganese(II) oxide
Mn(OH)2,manganese hydroxide
MnOOH,manganite
MnO2,manganese dioxide pyrolusite
MnO4−,permanganate ion
MnPb8(Si2O7)3,barysilate
MnS,manganese sulfide
MnTe,manganese(II) telluride
MnZrO3,manganese(II) metazirconate
Mn2O3,manganese(III) oxide
Mn3As2,manganese(II) arsenide
Mn3O4,"manganese(II,III) oxide trimanganese tetroxide hausmannite"
Mn3P2,manganese(II) phosphide
Mn3Sb2,manganese(II) antimonide
MoBr2,molybdenum(II) bromide
MoBr3,molybdenum(III) bromide
MoCl2,molybdenum(II) chloride
MoCl3,molybdenum(III) chloride
MoCl5,molybdenum(V) chloride
MoO2,molybdenum(IV) oxide
MoO3,Molybdenum trioxide
MoO42−,molybdate ion
MoSe2,molybdenum(IV) selenide
MoS2,molybdenum sulfide molybdenum disulfide molybdenite
NCl3,nitrogen trichloride
NHCl2,dichloramine
NH2Cl,monochloramine
NH2−,amide ion
NH2CH2CH2NH2,ethylenediamine
NH2CH2CN,aminoacetonitrile
NH2COOH,carbamic acid
NH2CONH2,urea
NH2C6H4SO3H,sulfanilic Acid
NH2OH,hydroxylamine
(NH2)2CO,urea
(NH2)2CO·HClO4,urea perchlorate
NH3,ammonia
NH4+,ammonium ion
(NH4)3N,ammonium nitride
NH4Br,ammonium bromide
NH4CO2NH2,ammonium carbamate
(NH4)2CO3,ammonium carbonate
NH4Cl,ammonium chloride
NH4ClO4,Ammonium perchlorate
NH4HS,ammonium hydrosulfide
(NH4)H2AsO4,ammonium dihydrogen arsenate
NH4NO3,ammonium nitrate
NH4OCONH2,ammonium carbamate
NH4OH,ammonium hydroxide
(NH4)2Ce(NO3)6,ammonium cerium(IV) nitrate ceric ammonium nitrate CAN
(NH4)3PO4,ammonium phosphate
(NH4)2CrO4,ammonium chromate
(NH4)2Hg(SCN)4,mercury(II) ammonium thiocyanate
(NH4)2[PtCl6],ammonium hexachloroplatinate(IV)
(NH4)2[Pt(SCN)6],ammonium hexathiocyanoplatinate(IV)
(NH4)2SO4,ammonium sulfate
NI3,nitrogen triiodide
NO,nitric oxide nitrogen oxide nitrogen(II) oxide
NOCl,nitrosyl chloride
NOBr,nitrosyl bromide
NOI,nitrosyl iodide
NO2,nitrogen dioxide nitrogen(IV) oxide
NO2−,nitrite ion
NO2Cl,nitryl chloride
NO3−,nitrate ion
NO4-,peroxynitrate ion
N2,nitrogen
N2H2,diazene
N2H4,hydrazine
N2O,nitrous oxide dinitrogen oxide nitrogen(I) oxide
N2O3,dinitrogen trioxide nitrogen(III) oxide
N2O4,dinitrogen tetroxide nitrogen(IV) oxide
N2O5,dinitrogen pentaoxide nitrogen(V) oxide
N4H4,trans-tetrazene
NaAlSi3O3,albite
NaAsO2,sodium metaarsenite
NaH2AsO4,sodium dihydrogen arsenate
NaAu(CN)2,sodium dicyanoaurate(I)
Na2Cr2O7 · 2H2O,Sodium dichromate dihydrate
Na[B(NO3)4],sodium tetranitratoborate(III)
NaBr,sodium bromide
NaBrO,sodium hypobromite
NaBrO2,sodium bromite
NaBrO3,sodium bromate
NaBrO4,sodium perbromate
NaCN,sodium cyanide
NaCNO,sodium cyanate
NaCNO,sodium fulminate
NaC6F5COO,pentafluorobenzoate
NaC6H5COO,sodium benzoate
NaC6H7O7,monosodium citrate
NaCa2(Al5Si5O20) · 6H2O,thomsonite
NaCl,sodium chloride rock-salt halite
NaClO2,sodium chlorite
NaClO3,sodium chlorate
NaClO4,sodium perchlorate
NaF,sodium fluoride
NaOF,sodium hypofluorite
NaH,sodium hydride
NaHCOO,sodium formate
NaHCO3,sodium bicarbonate baking soda
NaHS,sodium hydrosulfide
NaHSO3,sodium bisulfite
NaHSO4,sodium bisulfate
NaH2PO3,monosodium phosphite
NaH2PO4,monosodium phosphate
NaI,sodium iodide
NaIO,sodium hypoiodite
NaIO2,sodium iodite
NaIO3,sodium iodate
NaIO4,sodium periodate
NaNH2C6H4SO3,sodium sulfanilate
NaNO2,sodium nitrite
NaNO3,sodium nitrate
NaNbO3,sodium metaniobate
NaNbO3 · 7H2O,sodium metaniobate heptahydrate
NaOCl,sodium hypochlorite
NaOH,sodium hydroxide
NaO2As(CH3)2 · 3H2O,sodium salt of cacodylic acid
NaSeO3,sodium selenite
NaTaO3,sodium metatantalate
NaVO3,sodium metavanadate
Na2CO3,sodium carbonate soda ash
Na2C2O4,sodium oxalate
Na2C6H6O7,disodium citrate
Na2HAsO4,disodium hydrogen arsenate
Na2HPO3,disodium phosphite
Na2HPO4,disodium phosphate
Na2MoS4,sodium thiomolybdate
Na2N2O2,sodium hyponitrite
Na2O2,sodium peroxide
Na2O,sodium oxide
Na2S,sodium monosulfide
Na2SO3,sodium sulfite
Na2SO4,sodium sulfate salt cake
Na2S2O3,sodium thiosulfate
Na2S2O5,sodium disulfite
Na2S2O8,sodium persulfate
Na2S4,sodium tetrasulfide
Na2SeO3,sodium selenite
Na2SeO4,sodium selenate
Na2TeO3,sodium tellurite
Na2TeO4,sodium tellurate
Na2TiO3,sodium metatitanate
Na2U2O7,Sodium Diurinate
Na2Zn(OH)4,sodium zincate
Na2ZnO2,sodium zincate
Na2ZrO3,sodium metazirconate
Na3AlF6,cryolite
Na3AsO4,sodium arsenate
Na3[Co(CO3)3],sodium tricarbonatocobaltate(III)
Na3VO4,sodium orthovanadate
Na3C6H5O7,trisodium citrate
Na3PO3,trisodium phosphite
Na3PO4,trisodium phosphate
Na4V2O7,sodium pyrovanadate
NbBr5,niobium(V) bromide
NbCl3,niobium(III) chloride
NbCl5,niobium(V) chloride
NbI5,niobium(V) iodide
Nb2O3,niobium(III) oxide
NdAsO4,Neodymium arsenate
Nd(CH3COO)3,neodymium acetate
NdCl2,neodymium(II) chloride neodymium dichloride
NdI2,neodymium(II) iodide neodymium diiodide
NdI3,neodymium(III) iodide neodymium triiodide
Nd(OH)3,neodymium hydroxide
Nd2O3,neodymium(III) oxide dineodymium trioxide
NiAs,nickel(III) arsenide
NiAsS,nickel arsenic sulfide gersdorffite
NiBr2,nickel(II) bromide
NiBr2 · 3H2O,nickel(II) bromide trihydrate
NiBr2 · 6H2O,nickel(II) bromide hexahydrate
Ni(CO)3,nickel(II) carbonate
Ni(CO)4,nickel tetracarbonyl
NiC2O4 · 2H2O,nickel(II) oxalate dihydrate
NiCl2,nickel(II) chloride
NiFe2O4,nickel(II) iron(III) oxide
NiI2,nickel(II) iodide
Ni(H2PO)2 · 6H2O,nickel(II) hypophosphite hexahydrate
NiMoO4,nickel(II) orthomolybdate
Ni(NO3)2 · 6H2O,nickel(II) nitrate hexahydrate
NiOOH,nickel oxo-hydroxide
NiO,nickel(II) oxide
Ni(OH)2,nickel(II) hydroxide
NiS,nickel(II) sulfide millerite
NiSO4,nickel sulfate
NiS2,nickel sulfide
NiSb,nickel antimonide
NiSe,nickel(II) selenide
NiTiO3,nickel(II) metatitanate
Ni(VO3)2,nickel(II) metavanadate
NiWO4,nickel(II) orthotungstate
Ni2SiO4,nickel(II) orthosilicate
Ni3(PO4)2,nickel(II) orthophosphate
Ni3Sb2,nickel(II) antimonide
O,oxygen
OV,Vanadium(II) Oxide
O2,dioxygen
O2−,superoxide ion
O22−,peroxide ion
OF2,oxygen difluoride
O2F2,dioxygen difluoride
O2Ti,titanium dioxide
O2U,uranium oxide
OH−,hydroxide ion
O3,ozone
O3−,ozonide ion
O3U,Uranium Trioxide
PCl3,phosphorus trichloride
PCl5,phosphorus pentachloride
POCl3,phosphoryl chloride
P2I4,diphosphorus tetraiodide
P2O5,phosphorus pentoxide
P2S3,diphosphorus trisulfide
P2Se3,diphosphorus triselenide
P3N5,triphosphorus pentanitride
PH3,phosphine
POCl3,phosphoryl chloride
PbCl2,lead(II) chloride
PbCl4,lead(IV) chloride
PbHAsO4,lead hydrogen arsenate
PbI2,lead(II) iodide
Pb(IO3)2,lead(II) iodate
Pb(N3)2,lead(II) nitride
Pb(NO3)2,lead(II) nitrate
Pb(OH)2,lead(II) hydroxide
Pb(OH)4,lead(IV) hydroxide
PbC2O4,lead oxalate
PbCO3,lead carbonate
PbCrO4,lead chromate
PbF2,lead(II) fluoride
PbO,lead(II) oxide
PbO2,lead dioxide
PbS,lead(II) sulfide
PbSO4,lead(II) sulfate
Pb2,diplumbyne
PoBr2,polonium dibromide
PoCl2,polonium dichloride
PoCl4,polonium tetrachloride
PoF6,polonium hexafluoride
PoH2,polonium hydride
PoO,polonium monoxide
PoO2,polonium dioxide
PoO3,polonium trioxide
RaCl2,radium chloride
RbBr,rubidium bromide
RbBrO,rubidium hypobromite
RbBrO2,rubidium bromite
RbBrO3,rubidium bromate
RbBrO4,rubidium perbromate
RbCl,rubidium chloride
RbClO,rubidium hypochlorite
RbClO2,rubidium chlorite
RbClO3,rubidium chlorate
RbClO4,rubidium perchlorate
RbCN,rubidium cyanide
RbCNO,rubidium cyanate
RbCNO,rubidium fulminate
RbF,rubidium fluoride
RbH,rubidium hydride
RbH2PO3,monorubidium phosphite
RbH2PO4,monorubidium phosphate
RbHS,rubidium hydrosulfide
RbI,rubidium iodide
RbIO,rubidium hypoiodite
RbIO2,rubidium iodite
RbIO3,rubidium iodate
RbIO4,rubidium periodate
RbOH,rubidium hydroxide
Rb2O,rubidium oxide
Rb2O2,rubidium peroxide
Rb2CO3,rubidium carbonate
Rb2S,rubidium sulfide
Rb2SO3,rubidium sulfite
Rb2SO4,rubidium sulfate
Rb2HPO3,dirubidium phosphite
Rb2HPO4,dirubidium phosphate
Rb3PO3,trirubidium phosphite
Rb3PO4,trirubidium phosphate
RbHCO3,rubidium bicarbonate
RbHSO3,rubidium bisulfite
RbHSO4,rubidium bisulfate
RbNbO3,rubidium niobate
RbNO2,rubidium nitrite
RbNO3,rubidium nitrate
RnF2,radon difluoride
RuCl3,ruthenium(III) chloride
RuF6,ruthenium hexafluoride
RuO4,ruthenium tetroxide
SCN−,thiocyanate
SF4,sulfur tetrafluoride
SF6,sulfur hexafluoride
SOF2,thionyl difluoride
SO2,sulfur dioxide
SO2Cl2,sulfuryl chloride
SO2F2,sulfuryl difluoride
SO2OOH−,peroxymonosulfurous acid (aqueous)
SO3,sulfur trioxide
SO32−,sulfite ion
SO42−,sulfate ion
S2Br2,sulfur(II) bromide
S2O32−,thiosulfate ion
S2O72−,disulfate ion
SbBr3,antimony(III) bromide
SbCl3,antimony(III) chloride
SbCl5,antimony(V) chloride
SbI3,antimony(III) iodide
SbPO4,antimony(III) phosphate
Sb2OS2,antimony oxysulfide kermesite
Sb2O3,antimony(III) oxide
Sb2O5,antimony(V) oxide
Sb2S3,antimony(III) sulfide
Sb2Se3,antimony(III) selenide
Sb2Se5,antimony(V) selenide
Sb2Te3,antimony(III) telluride
Sc2O3,scandium oxide scandia
SeBr4,selenium(IV) bromide
SeCl,selenium(I) chloride
SeCl4,selenium(IV) chloride
SeOCl2,selenium(IV) oxychloride
SeOF2,selenyl difluoride
SeO2,selenium(IV) oxide
SeO42−,selenate ion
SeTe,selenium(IV) telluride
SiBr4,silicon(IV) bromide
SiC,silicon carbide
SiCl4,silicon(IV) chloride
SiH4,silane
SiI4,silicon(IV) iodide
SiO2,silicon(IV) dioxide silica quartz
SiO44−,silicate ion
Si2O76−,disilicate ion
Si3N4,silicon nitride
Si6O1812−,cyclosilicate ion
SnBrCl3,tin(IV) bromotrichloride
SnBr2,tin(II) bromide
SnBr2Cl2,tin(IV) dibromodichloride
SnBr3Cl,tin(IV) tribromochloride
SnBr4,tin(IV) bromide
Sn(CH3COO)2,tin(II) acetate
Sn(CH3COO)4,tin(IV) acetate
SnCl2,tin(II) chloride
SnCl2I2,tin(IV) dichlorodiiodide
SnCl4,tin(IV) chloride
Sn(CrO4)2,tin(IV) chromate
SnI4,tin(IV) iodide
Sn(OH)2,tin(II) hydroxide
Sn(OH)4,tin(IV) hydroxide
SnO,tin(II) oxide
SnO2,tin(IV) oxide
SnO32−,stannate ion
SnS,tin(II) sulfide
SnS2,tin(IV) sulfide
Sn(SO4)2·2H2O,tin(IV) sulfate dihydrate
SnSe,tin(II) selenide
SnSe2,tin(IV) selenide
SnTe,tin(II) telluride
SnTe4,tin(IV) telluride
Sn(VO3)2,tin(II) metavanadate
Sn3Sb4,tin(IV) antimonide
SrBr2,strontium bromide
SrBr2·6H2O,strontium bromide hexahydrate
SrCO3,strontium carbonate
SrCl2,strontium chloride
Sr(ClO)2,strontium hypochlorite
Sr(ClO2)2,strontium chlorite
Sr(ClO3)2,strontium chlorate
Sr(ClO4)2,strontium perchlorate
SrC2O4,strontium oxalate
SrF2,strontium fluoride
SrHfO3,strontium hafnate
Sr(HS)2,strontium hydrosulfide
SrI2,strontium iodide
SrI2·6H2O,strontium iodide hexahydrate
Sr(IO)2,strontium hypoiodite
Sr(IO2)2,strontium iodite
Sr(IO3)2,strontium iodate
Sr(IO4)2,strontium periodate
Sr(MnO4)2,strontium permanganate
SrMoO4,strontium orthomolybdate
Sr(NbO3)2,strontium metaniobate
SrO,strontium oxide
Sr(OH)2,strontium hydroxide
Sr2RuO4,strontium ruthenate
SrS,strontium sulfide
SrSeO3,strontium selenite
SrSeO4,strontium selenate
SrTeO3,strontium tellurite
SrTeO4,strontium tellurate
SrTiO3,strontium metatitanate
UBr2,uranium dibromide
UBr3,uranium tribromide
UBr5,uranium pentabromide
UC2,uranium carbide
UCl3,uranium trichloride
UCl4,uranium tetrachloride
UF4,uranium(IV) fluoride
UF6,uranium(VI) fluoride
UI3,uranium(III) iodide
UN,uranium nitride
UO2,uranium dioxide
UO2(CH3COO)2,uranyl acetate
UO2Cl2,uranyl chloride
UO2(HCOO)2,uranyl formate
UO2(NO3)2,uranyl nitrate
UO2SO4,uranyl sulfate
UO3,uranium trioxide
U3O8,triuranium octoxide
USe2,uranium diselenide
US2,uranium sulfide
UTe2,uranium ditelluride
VBr2,vanadium(II) bromide
VBr3,vanadium(III) bromide
VCl2,vanadium(II) chloride
VCl3,vanadium(III) chloride
VI3,vanadium(III) iodide
VN,vanadium nitride
VOC2O4,vanadyl oxalate
VOSO4,vanadium oxysulfate
V2O3,vanadium(III) oxide
V2O5,vanadium pentoxide
V2O74−,divanadate ion pyrovanadate ion
WBr2,tungsten(II) bromide
WBr3,tungsten(III) bromide
WBr4,tungsten(IV) bromide
WBr5,tungsten(V) bromide
WBr6,tungsten(VI) bromide
W(CO)6,tungsten(VI) carbonyl
WCl2,tungsten(II) chloride
WCl3,tungsten(III) chloride
WCl4,tungsten(IV) chloride
WCl5,tungsten(V) chloride
WCl6,tungsten(VI) chloride
WF4,tungsten(IV) fluoride
WF5,tungsten(V) fluoride
WF6,tungsten(VI) fluoride
WI2,tungsten(II) iodide
WI4,tungsten(IV) iodide
WOBr3,tungsten(V) oxytribromide
WOBr4,tungsten(VI) oxytetrabromide
WOCl3,tungsten(V) oxytrichloride
WOCl4,tungsten(VI) oxytetrachloride
WOF4,tungsten(VI) oxytetrafluoride
WO2,tungsten(IV) oxide
WO2Br2,tungsten(VI) dioxydibromide
WO2Cl2,tungsten(VI) dioxydichloride
WO2I2,tungsten(VI) dioxydiiodide
WO3,tungsten(VI) oxide
WO42−,tungstate ion
WS2,tungsten(IV) sulfide
WS3,tungsten(VI) sulfide
WSe2,tungsten(IV) selenide
WTe2,tungsten(IV) telluride
WC,tungsten carbide
XeBr2,Xenon dibromide
Xe(C6F6)2,Bis(pentafluorophenyl)xenon
XeCl,Xenon monochloride
XeCl2,Xenon dichloride
XeCl4,Xenon tetrachloride
XeF,Xenon monofluoride
XeF2,Xenon difluoride
XeF4,Xenon tetrafluoride
XeF6,Xenon hexafluoride
XeO2,Xenon dioxide
XeO3,Xenon trioxide
XeO4,Xenon tetroxide
XeOF2,Xenon oxydifluoride
XeO2F2,Xenon dioxydifluoride
XePtF6,Xenon hexafluoroplatinate
XeRhF6,Xenon hexafluororhodate
YAs,yttrium arsenide
YB6,yttrium boride
YBr3,yttrium bromide
YC2,yttrium carbide
YCl3,yttrium chloride
YF3,yttrium fluoride
YP,yttrium phosphide
YSb,yttrium antimonide
YVO4,yttrium vanadate
Y2O3,yttria yttrium oxide
Y2S3,yttrium sulfide
YbBr2,ytterbium(II) bromide
YbBr3,ytterbium(III) bromide
YbCl2,ytterbium(II)chloride
YbCl3,ytterbium(III) chloride
YbCl3·6H2O,ytterbium(III) chloride hexahydrate
Yb(ClO4)3,ytterbium(III) perchlorate
YbF2,ytterbium(II) fluoride
YbF3,ytterbium(III) fluoride
YbI2,ytterbium(II) iodide
YbI3,ytterbium(III) iodide
YbPO4,ytterbium(III) phosphate
YbSe,ytterbium(II) selenide
YbSi2,ytterbium(II) silicide
Yb2O3,ytterbium(III) oxide
Yb2S3,ytterbium(III) sulfide
Yb2Se3,ytterbium(III) selenide
YbTe,ytterbium(II) telluride
Zn(AlO2)2,zinc aluminate
Zn(AsO2)2,zinc arsenite
ZnBr2,zinc bromide
Zn(CN)2,zinc cyanide
ZnCO3,zinc carbonate
Zn(C8H15O2)2,zinc caprylate
Zn(ClO3)2,zinc chlorate
ZnCl2,zinc chloride
ZnCr2O4,zinc chromite
ZnF2,zinc fluoride
Zn(IO3)2,zinc iodate
ZnI2,zinc iodide
ZnMoO4,zinc orthomolybdate
Zn(NO2)2,zinc nitrite
Zn(NO3)2,zinc nitrate
Zn(NbO3)2,zinc metaniobate
ZnO,zinc(II) oxide zinc oxide
ZnO2,zinc peroxide
Zn(OH)2,zinc hydroxide
Zn(OH)42−,zincate ion
ZnS,zinc sulfide sphalerite
Zn(SCN)2,zinc thiocyanate
Zn(SeCN)2,zinc selenocyanate
ZnSO3,zinc sulfite
ZnS2O3,zinc thiosulfate
ZnSO4,zinc sulfate
ZnSb,zinc antimonide
ZnSe,zinc selenide
ZnSeO3,zinc selenite
ZnSeO4,zinc selenate
ZnSnO3,zinc stannate
Zn(TaO3)2,zinc metatantalate
ZnTe,zinc telluride
ZnTeO3,zinc tellurite
ZnTeO4,zinc tellurate
ZnTiO3,zinc metatitanate
Zn(VO3)2,zinc metavanadate
ZnWO4,zinc orthotungstate
ZnZrO3,zinc metazirconate
Zn2P2O7,zinc pyrophosphate
Zn2SiO4,zinc orthosilicate
Zn3(AsO4)2,zinc arsenate
Zn3As2,zinc arsenide
Zn3N2,zinc nitride
Zn3P2,zinc phosphide
Zn3(PO4)2,zinc phosphate
Zn3Sb2,zinc antimonide
ZrB2,zirconium boride
ZrBr4,zirconium bromide
ZrC,zirconium carbide
ZrCl4,zirconium tetrachloride
ZrF4,zirconium fluoride
ZrI4,zirconium iodide
ZrN,zirconium nitride
Zr(NO3)4,zirconium(IV) nitrate
Zr(OH)4,zirconium hydroxide
ZrO2,zirconium dioxide baddeleyite
ZrO32−,zirconate ion
ZrP2,zirconium phosphide
ZrS2,zirconium sulfide
ZrSi2,zirconium silicide
ZrSiO4,zirconium(IV) silicate
Zr(SO4)2,zirconium(IV) sulfate
Zr3(PO4)4,zirconium phosphate
